epoch,auc,categorical_accuracy,f1,f1_macro,f1_micro,f1_weighted,learning_rate,loss,precision,recall,val_auc,val_categorical_accuracy,val_f1,val_f1_macro,val_f1_micro,val_f1_weighted,val_loss,val_precision,val_recall
0,0.873706579208374,0.6000609993934631,"""[tf.Tensor(0.6887685, shape=(), dtype=float32), tf.Tensor(0.41209495, shape=(), dtype=float32), tf.Tensor(0.7790232, shape=(), dtype=float32), tf.Tensor(0.5599307, shape=(), dtype=float32), tf.Tensor(0.54023737, shape=(), dtype=float32)]""",0.5960109829902649,0.6000609397888184,0.5906693935394287,9.999999747378752e-05,1.0035040378570557,0.7819324135780334,0.3987187445163727,0.6390019655227661,0.33523130416870117,"""[tf.Tensor(0.5298245, shape=(), dtype=float32), tf.Tensor(0.0, shape=(), dtype=float32), tf.Tensor(0.0, shape=(), dtype=float32), tf.Tensor(0.0, shape=(), dtype=float32), tf.Tensor(0.3845278, shape=(), dtype=float32)]""",0.18287046253681183,0.3352312445640564,0.20130550861358643,1.9055290222167969,0.5180723071098328,0.2448398619890213
1,0.9369583129882812,0.7345942854881287,"""[tf.Tensor(0.7831523, shape=(), dtype=float32), tf.Tensor(0.6199058, shape=(), dtype=float32), tf.Tensor(0.8969901, shape=(), dtype=float32), tf.Tensor(0.70446014, shape=(), dtype=float32), tf.Tensor(0.674629, shape=(), dtype=float32)]""",0.7358274459838867,0.7345942258834839,0.7306782007217407,9.999999747378752e-05,0.7382856607437134,0.8371391892433167,0.592739462852478,0.8016731142997742,0.48113879561424255,"""[tf.Tensor(0.6819923, shape=(), dtype=float32), tf.Tensor(0.38351816, shape=(), dtype=float32), tf.Tensor(0.2805755, shape=(), dtype=float32), tf.Tensor(0.0, shape=(), dtype=float32), tf.Tensor(0.5743944, shape=(), dtype=float32)]""",0.38409608602523804,0.4811387360095978,0.4054728150367737,1.2417949438095093,0.5993340611457825,0.38434162735939026
2,0.9432488679885864,0.7429835200309753,"""[tf.Tensor(0.7864429, shape=(), dtype=float32), tf.Tensor(0.6437475, shape=(), dtype=float32), tf.Tensor(0.89302725, shape=(), dtype=float32), tf.Tensor(0.7150471, shape=(), dtype=float32), tf.Tensor(0.6878267, shape=(), dtype=float32)]""",0.7452182769775391,0.7429834008216858,0.7405183911323547,9.999999747378752e-05,0.6920077204704285,0.8254913687705994,0.6342281699180603,0.948201596736908,0.7530249357223511,"""[tf.Tensor(0.80386734, shape=(), dtype=float32), tf.Tensor(0.5828343, shape=(), dtype=float32), tf.Tensor(0.90507716, shape=(), dtype=float32), tf.Tensor(0.73519164, shape=(), dtype=float32), tf.Tensor(0.73476696, shape=(), dtype=float32)]""",0.752347469329834,0.7530249357223511,0.7470616102218628,0.6630649566650391,0.8385036587715149,0.65409255027771
3,0.9503477215766907,0.7676936984062195,"""[tf.Tensor(0.8038308, shape=(), dtype=float32), tf.Tensor(0.6631618, shape=(), dtype=float32), tf.Tensor(0.9030013, shape=(), dtype=float32), tf.Tensor(0.7540152, shape=(), dtype=float32), tf.Tensor(0.7278664, shape=(), dtype=float32)]""",0.77037513256073,0.7676936388015747,0.7657129764556885,9.999999747378752e-05,0.6443357467651367,0.8400227427482605,0.6767846345901489,0.9613063931465149,0.7871885895729065,"""[tf.Tensor(0.8510028, shape=(), dtype=float32), tf.Tensor(0.69047606, shape=(), dtype=float32), tf.Tensor(0.90293443, shape=(), dtype=float32), tf.Tensor(0.7330173, shape=(), dtype=float32), tf.Tensor(0.76315784, shape=(), dtype=float32)]""",0.7881177067756653,0.7871885299682617,0.7859758734703064,0.5690904259681702,0.8448707461357117,0.7209964394569397
4,0.9585511684417725,0.7861500978469849,"""[tf.Tensor(0.81971544, shape=(), dtype=float32), tf.Tensor(0.6861642, shape=(), dtype=float32), tf.Tensor(0.9290718, shape=(), dtype=float32), tf.Tensor(0.76387733, shape=(), dtype=float32), tf.Tensor(0.746696, shape=(), dtype=float32)]""",0.7891049385070801,0.7861500382423401,0.7843896746635437,9.999999747378752e-05,0.5912013649940491,0.8489102125167847,0.7010372281074524,0.9692610502243042,0.808540940284729,"""[tf.Tensor(0.8463767, shape=(), dtype=float32), tf.Tensor(0.7048192, shape=(), dtype=float32), tf.Tensor(0.9645093, shape=(), dtype=float32), tf.Tensor(0.741573, shape=(), dtype=float32), tf.Tensor(0.8045112, shape=(), dtype=float32)]""",0.8123579025268555,0.8085408806800842,0.8087030649185181,0.5066961646080017,0.8619556427001953,0.7466192245483398
5,0.9628504514694214,0.7980476021766663,"""[tf.Tensor(0.8284767, shape=(), dtype=float32), tf.Tensor(0.70246077, shape=(), dtype=float32), tf.Tensor(0.93068427, shape=(), dtype=float32), tf.Tensor(0.79178876, shape=(), dtype=float32), tf.Tensor(0.7541697, shape=(), dtype=float32)]""",0.8015159368515015,0.7980475425720215,0.7967014908790588,9.999999747378752e-05,0.5574014782905579,0.8501611351966858,0.7243745923042297,0.9778011441230774,0.8405693769454956,"""[tf.Tensor(0.881203, shape=(), dtype=float32), tf.Tensor(0.7225325, shape=(), dtype=float32), tf.Tensor(0.9599999, shape=(), dtype=float32), tf.Tensor(0.8076256, shape=(), dtype=float32), tf.Tensor(0.83812946, shape=(), dtype=float32)]""",0.8418980836868286,0.8405693173408508,0.8385080099105835,0.45563799142837524,0.8908649682998657,0.7843416333198547
6,0.9649824500083923,0.8117754459381104,"""[tf.Tensor(0.8344942, shape=(), dtype=float32), tf.Tensor(0.7205662, shape=(), dtype=float32), tf.Tensor(0.92916846, shape=(), dtype=float32), tf.Tensor(0.8041753, shape=(), dtype=float32), tf.Tensor(0.785428, shape=(), dtype=float32)]""",0.8147664070129395,0.8117753863334656,0.8104778528213501,9.999999747378752e-05,0.5381455421447754,0.8588027954101562,0.7440512776374817,0.9801033139228821,0.8533807992935181,"""[tf.Tensor(0.88130563, shape=(), dtype=float32), tf.Tensor(0.74609375, shape=(), dtype=float32), tf.Tensor(0.9733059, shape=(), dtype=float32), tf.Tensor(0.83038867, shape=(), dtype=float32), tf.Tensor(0.83712775, shape=(), dtype=float32)]""",0.8536443710327148,0.8533807396888733,0.8496812582015991,0.416062593460083,0.8948206901550293,0.799288272857666
7,0.9662679433822632,0.8076571226119995,"""[tf.Tensor(0.83218384, shape=(), dtype=float32), tf.Tensor(0.7103085, shape=(), dtype=float32), tf.Tensor(0.9271345, shape=(), dtype=float32), tf.Tensor(0.8008315, shape=(), dtype=float32), tf.Tensor(0.78352, shape=(), dtype=float32)]""",0.8107956647872925,0.8076570630073547,0.8064171075820923,9.999999747378752e-05,0.5279419422149658,0.8571428656578064,0.7495424151420593,0.9745736718177795,0.8405693769454956,"""[tf.Tensor(0.8591749, shape=(), dtype=float32), tf.Tensor(0.7233273, shape=(), dtype=float32), tf.Tensor(0.95948815, shape=(), dtype=float32), tf.Tensor(0.83208954, shape=(), dtype=float32), tf.Tensor(0.84153, shape=(), dtype=float32)]""",0.8431218862533569,0.8405693173408508,0.8386761546134949,0.45390480756759644,0.8784530162811279,0.7921708226203918
8,0.9704421162605286,0.8152837157249451,"""[tf.Tensor(0.8398268, shape=(), dtype=float32), tf.Tensor(0.72408646, shape=(), dtype=float32), tf.Tensor(0.9351111, shape=(), dtype=float32), tf.Tensor(0.80167365, shape=(), dtype=float32), tf.Tensor(0.791532, shape=(), dtype=float32)]""",0.8184459805488586,0.8152836561203003,0.8142877817153931,9.999999747378752e-05,0.49731865525245667,0.8641332387924194,0.7596095204353333,0.9849251508712769,0.871886134147644,"""[tf.Tensor(0.90881914, shape=(), dtype=float32), tf.Tensor(0.76363635, shape=(), dtype=float32), tf.Tensor(0.96881497, shape=(), dtype=float32), tf.Tensor(0.8477841, shape=(), dtype=float32), tf.Tensor(0.87309635, shape=(), dtype=float32)]""",0.8724302053451538,0.8718860745429993,0.8695952296257019,0.3703809082508087,0.9147287011146545,0.8398576378822327
9,0.9713971614837646,0.8322147727012634,"""[tf.Tensor(0.8586631, shape=(), dtype=float32), tf.Tensor(0.73731005, shape=(), dtype=float32), tf.Tensor(0.94122916, shape=(), dtype=float32), tf.Tensor(0.82367545, shape=(), dtype=float32), tf.Tensor(0.8156464, shape=(), dtype=float32)]""",0.835304856300354,0.8322147130966187,0.8314445614814758,9.999999747378752e-05,0.48038217425346375,0.8721484541893005,0.7814216017723083,0.9761649370193481,0.8313167095184326,"""[tf.Tensor(0.87042254, shape=(), dtype=float32), tf.Tensor(0.74457425, shape=(), dtype=float32), tf.Tensor(0.97083324, shape=(), dtype=float32), tf.Tensor(0.8055009, shape=(), dtype=float32), tf.Tensor(0.77343744, shape=(), dtype=float32)]""",0.8329536318778992,0.8313166499137878,0.828601062297821,0.43613386154174805,0.8762805461883545,0.7914590835571289
10,0.9709627628326416,0.825350821018219,"""[tf.Tensor(0.84993446, shape=(), dtype=float32), tf.Tensor(0.72644717, shape=(), dtype=float32), tf.Tensor(0.9400265, shape=(), dtype=float32), tf.Tensor(0.8224532, shape=(), dtype=float32), tf.Tensor(0.80188334, shape=(), dtype=float32)]""",0.8281489610671997,0.8253507614135742,0.8238203525543213,9.999999747378752e-05,0.48314470052719116,0.8652048110961914,0.7763880491256714,0.9856597185134888,0.8804270625114441,"""[tf.Tensor(0.9082568, shape=(), dtype=float32), tf.Tensor(0.77566534, shape=(), dtype=float32), tf.Tensor(0.97095436, shape=(), dtype=float32), tf.Tensor(0.8766602, shape=(), dtype=float32), tf.Tensor(0.87278575, shape=(), dtype=float32)]""",0.8808644413948059,0.8804270029067993,0.8774932026863098,0.35967251658439636,0.9139123558998108,0.8462633490562439
11,0.974722146987915,0.8377059102058411,"""[tf.Tensor(0.8584656, shape=(), dtype=float32), tf.Tensor(0.7536017, shape=(), dtype=float32), tf.Tensor(0.9517426, shape=(), dtype=float32), tf.Tensor(0.82982314, shape=(), dtype=float32), tf.Tensor(0.81184536, shape=(), dtype=float32)]""",0.8410956263542175,0.8377058506011963,0.8369627594947815,9.999999747378752e-05,0.4521706700325012,0.8739495873451233,0.7931665778160095,0.9855019450187683,0.8754448294639587,"""[tf.Tensor(0.91071415, shape=(), dtype=float32), tf.Tensor(0.7629629, shape=(), dtype=float32), tf.Tensor(0.9595141, shape=(), dtype=float32), tf.Tensor(0.853229, shape=(), dtype=float32), tf.Tensor(0.8870151, shape=(), dtype=float32)]""",0.8746870160102844,0.875444769859314,0.8722046613693237,0.3502211272716522,0.9038606882095337,0.8498220443725586
12,0.9753019213676453,0.8378584384918213,"""[tf.Tensor(0.8647768, shape=(), dtype=float32), tf.Tensor(0.7494373, shape=(), dtype=float32), tf.Tensor(0.9450156, shape=(), dtype=float32), tf.Tensor(0.8327137, shape=(), dtype=float32), tf.Tensor(0.81059206, shape=(), dtype=float32)]""",0.8405071496963501,0.8378583788871765,0.8366180658340454,9.999999747378752e-05,0.44423189759254456,0.8753138184547424,0.7977425456047058,0.9791363477706909,0.8483985662460327,"""[tf.Tensor(0.89985484, shape=(), dtype=float32), tf.Tensor(0.71999997, shape=(), dtype=float32), tf.Tensor(0.95564514, shape=(), dtype=float32), tf.Tensor(0.81379306, shape=(), dtype=float32), tf.Tensor(0.8403669, shape=(), dtype=float32)]""",0.8459320068359375,0.8483985066413879,0.843034565448761,0.40728989243507385,0.8851823210716248,0.8120996356010437
13,0.9745445847511292,0.8323673009872437,"""[tf.Tensor(0.86015826, shape=(), dtype=float32), tf.Tensor(0.75352633, shape=(), dtype=float32), tf.Tensor(0.9364368, shape=(), dtype=float32), tf.Tensor(0.8182194, shape=(), dtype=float32), tf.Tensor(0.80672264, shape=(), dtype=float32)]""",0.8350127339363098,0.8323672413825989,0.831577479839325,9.999999747378752e-05,0.448765367269516,0.8682714700698853,0.7922513484954834,0.9705944061279297,0.8291814923286438,"""[tf.Tensor(0.8236877, shape=(), dtype=float32), tf.Tensor(0.72859734, shape=(), dtype=float32), tf.Tensor(0.95483863, shape=(), dtype=float32), tf.Tensor(0.8300395, shape=(), dtype=float32), tf.Tensor(0.8299816, shape=(), dtype=float32)]""",0.8334289789199829,0.829181432723999,0.8281540870666504,0.4722847044467926,0.8611326813697815,0.790035605430603
14,0.9769903421401978,0.8467053174972534,"""[tf.Tensor(0.8713859, shape=(), dtype=float32), tf.Tensor(0.7637444, shape=(), dtype=float32), tf.Tensor(0.94488883, shape=(), dtype=float32), tf.Tensor(0.83659035, shape=(), dtype=float32), tf.Tensor(0.8294628, shape=(), dtype=float32)]""",0.8492144346237183,0.8467052578926086,0.8458214998245239,9.999999747378752e-05,0.42663276195526123,0.8795620203018188,0.8087248206138611,0.9851292967796326,0.8704626560211182,"""[tf.Tensor(0.8994082, shape=(), dtype=float32), tf.Tensor(0.7578557, shape=(), dtype=float32), tf.Tensor(0.94989973, shape=(), dtype=float32), tf.Tensor(0.85770744, shape=(), dtype=float32), tf.Tensor(0.8843537, shape=(), dtype=float32)]""",0.8698450326919556,0.8704625964164734,0.8671510815620422,0.34685128927230835,0.9042553305625916,0.8469750881195068
15,0.9767436981201172,0.8479255437850952,"""[tf.Tensor(0.8708827, shape=(), dtype=float32), tf.Tensor(0.7650354, shape=(), dtype=float32), tf.Tensor(0.9525514, shape=(), dtype=float32), tf.Tensor(0.84914327, shape=(), dtype=float32), tf.Tensor(0.81746024, shape=(), dtype=float32)]""",0.8510146141052246,0.8479254841804504,0.8470013737678528,9.999999747378752e-05,0.42559513449668884,0.8790189027786255,0.8090298771858215,0.9869322776794434,0.8882562518119812,"""[tf.Tensor(0.9173166, shape=(), dtype=float32), tf.Tensor(0.7895716, shape=(), dtype=float32), tf.Tensor(0.97478986, shape=(), dtype=float32), tf.Tensor(0.88180107, shape=(), dtype=float32), tf.Tensor(0.882825, shape=(), dtype=float32)]""",0.8892608880996704,0.8882561326026917,0.8862053155899048,0.33267664909362793,0.9102563858032227,0.8590747117996216
16,0.9782743453979492,0.8525015115737915,"""[tf.Tensor(0.87957764, shape=(), dtype=float32), tf.Tensor(0.7736625, shape=(), dtype=float32), tf.Tensor(0.9478377, shape=(), dtype=float32), tf.Tensor(0.8480268, shape=(), dtype=float32), tf.Tensor(0.8257275, shape=(), dtype=float32)]""",0.8549664616584778,0.8525014519691467,0.8515599370002747,9.999999747378752e-05,0.41390854120254517,0.8802573084831238,0.8140634298324585,0.9889135956764221,0.8989323973655701,"""[tf.Tensor(0.9262166, shape=(), dtype=float32), tf.Tensor(0.80072457, shape=(), dtype=float32), tf.Tensor(0.9691991, shape=(), dtype=float32), tf.Tensor(0.8982725, shape=(), dtype=float32), tf.Tensor(0.90375197, shape=(), dtype=float32)]""",0.8996329307556152,0.8989323377609253,0.8970078825950623,0.31236732006073,0.9216867685317993,0.8711743950843811
17,0.9782588481903076,0.8535692691802979,"""[tf.Tensor(0.87860894, shape=(), dtype=float32), tf.Tensor(0.7726763, shape=(), dtype=float32), tf.Tensor(0.94464284, shape=(), dtype=float32), tf.Tensor(0.85140216, shape=(), dtype=float32), tf.Tensor(0.83236575, shape=(), dtype=float32)]""",0.8559392094612122,0.8535692095756531,0.8525891900062561,9.999999747378752e-05,0.4141906797885895,0.8828962445259094,0.8165039420127869,0.9875279068946838,0.8889679908752441,"""[tf.Tensor(0.9125925, shape=(), dtype=float32), tf.Tensor(0.7879924, shape=(), dtype=float32), tf.Tensor(0.9593496, shape=(), dtype=float32), tf.Tensor(0.87999994, shape=(), dtype=float32), tf.Tensor(0.9016393, shape=(), dtype=float32)]""",0.8883147239685059,0.8889679312705994,0.8858110308647156,0.3188899755477905,0.9065281748771667,0.8697509169578552
18,0.9786933660507202,0.8470103740692139,"""[tf.Tensor(0.87355554, shape=(), dtype=float32), tf.Tensor(0.76407003, shape=(), dtype=float32), tf.Tensor(0.9484997, shape=(), dtype=float32), tf.Tensor(0.839114, shape=(), dtype=float32), tf.Tensor(0.8233597, shape=(), dtype=float32)]""",0.8497198224067688,0.8470103144645691,0.8461627960205078,9.999999747378752e-05,0.4080846607685089,0.8783164024353027,0.8180292844772339,0.985931396484375,0.8839857578277588,"""[tf.Tensor(0.9155555, shape=(), dtype=float32), tf.Tensor(0.7686567, shape=(), dtype=float32), tf.Tensor(0.9772256, shape=(), dtype=float32), tf.Tensor(0.87025934, shape=(), dtype=float32), tf.Tensor(0.8878048, shape=(), dtype=float32)]""",0.8839004635810852,0.883985698223114,0.8807412981987,0.33071404695510864,0.9038031101226807,0.862633466720581
19,0.9799864888191223,0.8566198945045471,"""[tf.Tensor(0.87748337, shape=(), dtype=float32), tf.Tensor(0.7648141, shape=(), dtype=float32), tf.Tensor(0.9563279, shape=(), dtype=float32), tf.Tensor(0.85522455, shape=(), dtype=float32), tf.Tensor(0.84425026, shape=(), dtype=float32)]""",0.8596200942993164,0.8566198945045471,0.8558257222175598,9.999999747378752e-05,0.39320728182792664,0.8860408067703247,0.8277913331985474,0.9881990551948547,0.8932384252548218,"""[tf.Tensor(0.8989751, shape=(), dtype=float32), tf.Tensor(0.79926324, shape=(), dtype=float32), tf.Tensor(0.9731958, shape=(), dtype=float32), tf.Tensor(0.8941176, shape=(), dtype=float32), tf.Tensor(0.90662134, shape=(), dtype=float32)]""",0.8944346308708191,0.893238365650177,0.8910529017448425,0.30667388439178467,0.9133034348487854,0.8697509169578552
20,0.9801844358444214,0.8590604066848755,"""[tf.Tensor(0.88433576, shape=(), dtype=float32), tf.Tensor(0.78328973, shape=(), dtype=float32), tf.Tensor(0.95297796, shape=(), dtype=float32), tf.Tensor(0.8528301, shape=(), dtype=float32), tf.Tensor(0.83458906, shape=(), dtype=float32)]""",0.8616045117378235,0.8590603470802307,0.858295202255249,9.999999747378752e-05,0.3932700753211975,0.8867027163505554,0.8248932361602783,0.9823986887931824,0.8590747117996216,"""[tf.Tensor(0.9136904, shape=(), dtype=float32), tf.Tensor(0.713402, shape=(), dtype=float32), tf.Tensor(0.97925305, shape=(), dtype=float32), tf.Tensor(0.80597013, shape=(), dtype=float32), tf.Tensor(0.87323934, shape=(), dtype=float32)]""",0.8571109771728516,0.859074592590332,0.8543107509613037,0.37236911058425903,0.8755588531494141,0.836298942565918
21,0.981224536895752,0.858755350112915,"""[tf.Tensor(0.8831946, shape=(), dtype=float32), tf.Tensor(0.7781898, shape=(), dtype=float32), tf.Tensor(0.94859177, shape=(), dtype=float32), tf.Tensor(0.8577406, shape=(), dtype=float32), tf.Tensor(0.8390804, shape=(), dtype=float32)]""",0.8613594174385071,0.8587552905082703,0.858026921749115,9.999999747378752e-05,0.3826272487640381,0.8882140517234802,0.825350821018219,0.9882827997207642,0.891103208065033,"""[tf.Tensor(0.9058823, shape=(), dtype=float32), tf.Tensor(0.7840909, shape=(), dtype=float32), tf.Tensor(0.9772256, shape=(), dtype=float32), tf.Tensor(0.8849902, shape=(), dtype=float32), tf.Tensor(0.9042904, shape=(), dtype=float32)]""",0.8912957906723022,0.8911031484603882,0.887945294380188,0.3047655522823334,0.9103703498840332,0.8747330904006958
22,0.9822697043418884,0.8647040724754333,"""[tf.Tensor(0.8876442, shape=(), dtype=float32), tf.Tensor(0.7880794, shape=(), dtype=float32), tf.Tensor(0.94594586, shape=(), dtype=float32), tf.Tensor(0.87040126, shape=(), dtype=float32), tf.Tensor(0.8445576, shape=(), dtype=float32)]""",0.8673256635665894,0.8647040128707886,0.8641192317008972,9.999999747378752e-05,0.3723871111869812,0.8920546770095825,0.8357229828834534,0.9894858598709106,0.9017793536186218,"""[tf.Tensor(0.9237668, shape=(), dtype=float32), tf.Tensor(0.813913, shape=(), dtype=float32), tf.Tensor(0.9751037, shape=(), dtype=float32), tf.Tensor(0.9003984, shape=(), dtype=float32), tf.Tensor(0.90378, shape=(), dtype=float32)]""",0.9033924341201782,0.901779294013977,0.9006577730178833,0.2929745614528656,0.915985107421875,0.8768683075904846
23,0.9837774038314819,0.8724831938743591,"""[tf.Tensor(0.895847, shape=(), dtype=float32), tf.Tensor(0.79748696, shape=(), dtype=float32), tf.Tensor(0.9530201, shape=(), dtype=float32), tf.Tensor(0.87015164, shape=(), dtype=float32), tf.Tensor(0.85714275, shape=(), dtype=float32)]""",0.8747297525405884,0.8724831938743591,0.871798574924469,9.999999747378752e-05,0.3570832312107086,0.8965796828269958,0.8436546921730042,0.9725425839424133,0.8298932313919067,"""[tf.Tensor(0.85558575, shape=(), dtype=float32), tf.Tensor(0.66094416, shape=(), dtype=float32), tf.Tensor(0.92607, shape=(), dtype=float32), tf.Tensor(0.8426572, shape=(), dtype=float32), tf.Tensor(0.83587784, shape=(), dtype=float32)]""",0.824226975440979,0.829893171787262,0.8195534944534302,0.4601556062698364,0.8525207042694092,0.8064057230949402
24,0.983153223991394,0.8701952695846558,"""[tf.Tensor(0.89847374, shape=(), dtype=float32), tf.Tensor(0.79779816, shape=(), dtype=float32), tf.Tensor(0.9522108, shape=(), dtype=float32), tf.Tensor(0.865988, shape=(), dtype=float32), tf.Tensor(0.84798265, shape=(), dtype=float32)]""",0.8724907040596008,0.870195209980011,0.8696496486663818,9.999999747378752e-05,0.36228182911872864,0.8936995267868042,0.8438072204589844,0.9866300225257874,0.8825622797012329,"""[tf.Tensor(0.9235473, shape=(), dtype=float32), tf.Tensor(0.79562044, shape=(), dtype=float32), tf.Tensor(0.9586056, shape=(), dtype=float32), tf.Tensor(0.8571428, shape=(), dtype=float32), tf.Tensor(0.8831615, shape=(), dtype=float32)]""",0.8836154937744141,0.8825622200965881,0.8818243145942688,0.3185853064060211,0.8994082808494568,0.8654804229736328
25,0.982193112373352,0.863788902759552,"""[tf.Tensor(0.89707327, shape=(), dtype=float32), tf.Tensor(0.79080117, shape=(), dtype=float32), tf.Tensor(0.94897044, shape=(), dtype=float32), tf.Tensor(0.84583324, shape=(), dtype=float32), tf.Tensor(0.84494704, shape=(), dtype=float32)]""",0.86552494764328,0.8637887835502625,0.863041877746582,9.999999747378752e-05,0.3690415620803833,0.8901134729385376,0.8377059102058411,0.9888047575950623,0.9046263098716736,"""[tf.Tensor(0.93749994, shape=(), dtype=float32), tf.Tensor(0.8355263, shape=(), dtype=float32), tf.Tensor(0.97071123, shape=(), dtype=float32), tf.Tensor(0.88622755, shape=(), dtype=float32), tf.Tensor(0.9022298, shape=(), dtype=float32)]""",0.9064390063285828,0.9046262502670288,0.9047854542732239,0.2883405089378357,0.922848641872406,0.8854092359542847
26,0.9823113679885864,0.863788902759552,"""[tf.Tensor(0.89463216, shape=(), dtype=float32), tf.Tensor(0.777032, shape=(), dtype=float32), tf.Tensor(0.9497554, shape=(), dtype=float32), tf.Tensor(0.8655215, shape=(), dtype=float32), tf.Tensor(0.8429394, shape=(), dtype=float32)]""",0.8659761548042297,0.8637887835502625,0.8627800345420837,9.999999747378752e-05,0.3686598539352417,0.886917233467102,0.8386211395263672,0.988902747631073,0.8946619033813477,"""[tf.Tensor(0.91354465, shape=(), dtype=float32), tf.Tensor(0.8134991, shape=(), dtype=float32), tf.Tensor(0.9771309, shape=(), dtype=float32), tf.Tensor(0.88935274, shape=(), dtype=float32), tf.Tensor(0.8870151, shape=(), dtype=float32)]""",0.8961084485054016,0.8946618437767029,0.8930881023406982,0.29123345017433167,0.9121771454811096,0.8797153234481812
27,0.9817577600479126,0.860890805721283,"""[tf.Tensor(0.8862275, shape=(), dtype=float32), tf.Tensor(0.78852516, shape=(), dtype=float32), tf.Tensor(0.949621, shape=(), dtype=float32), tf.Tensor(0.8493848, shape=(), dtype=float32), tf.Tensor(0.84248286, shape=(), dtype=float32)]""",0.8632482290267944,0.8608907461166382,0.8603193759918213,9.999999747378752e-05,0.3727445900440216,0.8861538171768188,0.8346552848815918,0.9896962642669678,0.8953736424446106,"""[tf.Tensor(0.9242424, shape=(), dtype=float32), tf.Tensor(0.7923808, shape=(), dtype=float32), tf.Tensor(0.9713114, shape=(), dtype=float32), tf.Tensor(0.8819188, shape=(), dtype=float32), tf.Tensor(0.9042016, shape=(), dtype=float32)]""",0.8948109745979309,0.8953735828399658,0.8923105001449585,0.2834247648715973,0.9109639525413513,0.881138801574707
28,0.9839110970497131,0.8715680241584778,"""[tf.Tensor(0.8885932, shape=(), dtype=float32), tf.Tensor(0.7994132, shape=(), dtype=float32), tf.Tensor(0.9528936, shape=(), dtype=float32), tf.Tensor(0.87962955, shape=(), dtype=float32), tf.Tensor(0.851785, shape=(), dtype=float32)]""",0.874462902545929,0.871567964553833,0.8711081147193909,9.999999747378752e-05,0.35152313113212585,0.8972790241241455,0.8500609993934631,0.9869399070739746,0.8889679908752441,"""[tf.Tensor(0.92469877, shape=(), dtype=float32), tf.Tensor(0.80935246, shape=(), dtype=float32), tf.Tensor(0.9544468, shape=(), dtype=float32), tf.Tensor(0.8571428, shape=(), dtype=float32), tf.Tensor(0.9022298, shape=(), dtype=float32)]""",0.8895741701126099,0.8889679312705994,0.8883276581764221,0.3176496624946594,0.9057863354682922,0.8690391182899475
29,0.9848014712333679,0.8770591616630554,"""[tf.Tensor(0.9024793, shape=(), dtype=float32), tf.Tensor(0.8060471, shape=(), dtype=float32), tf.Tensor(0.9508787, shape=(), dtype=float32), tf.Tensor(0.8753671, shape=(), dtype=float32), tf.Tensor(0.8611611, shape=(), dtype=float32)]""",0.8791866302490234,0.8770591020584106,0.8765488862991333,9.999999747378752e-05,0.34289172291755676,0.8986812233924866,0.8523489832878113,0.9880325198173523,0.8889679908752441,"""[tf.Tensor(0.9020172, shape=(), dtype=float32), tf.Tensor(0.7813083, shape=(), dtype=float32), tf.Tensor(0.96341455, shape=(), dtype=float32), tf.Tensor(0.90140843, shape=(), dtype=float32), tf.Tensor(0.89864856, shape=(), dtype=float32)]""",0.8893594741821289,0.8889679312705994,0.8858687281608582,0.3026120960712433,0.9020618796348572,0.871886134147644
30,0.9857302308082581,0.8799573183059692,"""[tf.Tensor(0.9014271, shape=(), dtype=float32), tf.Tensor(0.81549805, shape=(), dtype=float32), tf.Tensor(0.9551971, shape=(), dtype=float32), tf.Tensor(0.882279, shape=(), dtype=float32), tf.Tensor(0.8570397, shape=(), dtype=float32)]""",0.8822881579399109,0.8799572587013245,0.879429817199707,9.999999747378752e-05,0.33223026990890503,0.8977436423301697,0.8557047247886658,0.9850913882255554,0.8697509169578552,"""[tf.Tensor(0.92559516, shape=(), dtype=float32), tf.Tensor(0.74044263, shape=(), dtype=float32), tf.Tensor(0.9731958, shape=(), dtype=float32), tf.Tensor(0.81756747, shape=(), dtype=float32), tf.Tensor(0.8829787, shape=(), dtype=float32)]""",0.8679559826850891,0.8697509169578552,0.8658808469772339,0.3396974802017212,0.8799705505371094,0.8505337834358215
31,0.9852551221847534,0.8801098465919495,"""[tf.Tensor(0.9012875, shape=(), dtype=float32), tf.Tensor(0.814567, shape=(), dtype=float32), tf.Tensor(0.9504242, shape=(), dtype=float32), tf.Tensor(0.8825503, shape=(), dtype=float32), tf.Tensor(0.86168283, shape=(), dtype=float32)]""",0.882102370262146,0.8801097869873047,0.8794156312942505,9.499999578110874e-05,0.33471277356147766,0.9023218750953674,0.8595179915428162,0.9843789935112,0.8768683075904846,"""[tf.Tensor(0.93655586, shape=(), dtype=float32), tf.Tensor(0.806504, shape=(), dtype=float32), tf.Tensor(0.9711934, shape=(), dtype=float32), tf.Tensor(0.798122, shape=(), dtype=float32), tf.Tensor(0.8631239, shape=(), dtype=float32)]""",0.8750998377799988,0.8768682479858398,0.8744776248931885,0.34601473808288574,0.8962405920028687,0.8483985662460327
32,0.9850670695304871,0.876754105091095,"""[tf.Tensor(0.9046828, shape=(), dtype=float32), tf.Tensor(0.8027859, shape=(), dtype=float32), tf.Tensor(0.954301, shape=(), dtype=float32), tf.Tensor(0.8690525, shape=(), dtype=float32), tf.Tensor(0.8633405, shape=(), dtype=float32)]""",0.8788325190544128,0.8767540454864502,0.8762632608413696,9.499999578110874e-05,0.3377828896045685,0.8993750810623169,0.8561623096466064,0.9841764569282532,0.8768683075904846,"""[tf.Tensor(0.9080292, shape=(), dtype=float32), tf.Tensor(0.7962382, shape=(), dtype=float32), tf.Tensor(0.9656652, shape=(), dtype=float32), tf.Tensor(0.8577777, shape=(), dtype=float32), tf.Tensor(0.872154, shape=(), dtype=float32)]""",0.8799728155136108,0.8768682479858398,0.8774281740188599,0.3384793996810913,0.8919318914413452,0.8576512336730957
33,0.9859835505485535,0.8830079436302185,"""[tf.Tensor(0.9099966, shape=(), dtype=float32), tf.Tensor(0.80371046, shape=(), dtype=float32), tf.Tensor(0.957181, shape=(), dtype=float32), tf.Tensor(0.8803023, shape=(), dtype=float32), tf.Tensor(0.8731584, shape=(), dtype=float32)]""",0.8848697543144226,0.8830078840255737,0.8822373747825623,9.499999578110874e-05,0.326638400554657,0.9038214683532715,0.8586028218269348,0.9912737607955933,0.9032028317451477,"""[tf.Tensor(0.9274924, shape=(), dtype=float32), tf.Tensor(0.8141264, shape=(), dtype=float32), tf.Tensor(0.97925305, shape=(), dtype=float32), tf.Tensor(0.8918406, shape=(), dtype=float32), tf.Tensor(0.90515804, shape=(), dtype=float32)]""",0.9035741090774536,0.9032027721405029,0.9010165333747864,0.2611784040927887,0.9186217188835144,0.8918149471282959
34,0.9857843518257141,0.8834655284881592,"""[tf.Tensor(0.90726477, shape=(), dtype=float32), tf.Tensor(0.8200654, shape=(), dtype=float32), tf.Tensor(0.9540793, shape=(), dtype=float32), tf.Tensor(0.88043934, shape=(), dtype=float32), tf.Tensor(0.866136, shape=(), dtype=float32)]""",0.8855969309806824,0.8834654688835144,0.8831281661987305,9.499999578110874e-05,0.3258725106716156,0.9024117588996887,0.8618059754371643,0.9842908382415771,0.8740213513374329,"""[tf.Tensor(0.8867132, shape=(), dtype=float32), tf.Tensor(0.7714285, shape=(), dtype=float32), tf.Tensor(0.97693914, shape=(), dtype=float32), tf.Tensor(0.875, shape=(), dtype=float32), tf.Tensor(0.87179476, shape=(), dtype=float32)]""",0.8763750791549683,0.8740212917327881,0.8722097873687744,0.33594971895217896,0.8910161852836609,0.8612099885940552
35,0.986355185508728,0.8810250163078308,"""[tf.Tensor(0.9059602, shape=(), dtype=float32), tf.Tensor(0.81091034, shape=(), dtype=float32), tf.Tensor(0.9567157, shape=(), dtype=float32), tf.Tensor(0.8797308, shape=(), dtype=float32), tf.Tensor(0.86231875, shape=(), dtype=float32)]""",0.8831272125244141,0.881024956703186,0.8803935647010803,9.499999578110874e-05,0.32363855838775635,0.8989657759666443,0.8618059754371643,0.9914566278457642,0.9039145708084106,"""[tf.Tensor(0.94607085, shape=(), dtype=float32), tf.Tensor(0.8059149, shape=(), dtype=float32), tf.Tensor(0.9731958, shape=(), dtype=float32), tf.Tensor(0.87999994, shape=(), dtype=float32), tf.Tensor(0.91282046, shape=(), dtype=float32)]""",0.9036003947257996,0.9039145112037659,0.901949942111969,0.25698596239089966,0.9156363606452942,0.8960853815078735
36,0.9864299893379211,0.8814826011657715,"""[tf.Tensor(0.90453935, shape=(), dtype=float32), tf.Tensor(0.8158085, shape=(), dtype=float32), tf.Tensor(0.9563652, shape=(), dtype=float32), tf.Tensor(0.8739991, shape=(), dtype=float32), tf.Tensor(0.8682114, shape=(), dtype=float32)]""",0.8837846517562866,0.8814825415611267,0.8812730312347412,9.499999578110874e-05,0.3231450617313385,0.9033600091934204,0.8611958622932434,0.9873362183570862,0.8982206583023071,"""[tf.Tensor(0.9242424, shape=(), dtype=float32), tf.Tensor(0.8080439, shape=(), dtype=float32), tf.Tensor(0.9721627, shape=(), dtype=float32), tf.Tensor(0.8902195, shape=(), dtype=float32), tf.Tensor(0.9007873, shape=(), dtype=float32)]""",0.8990911245346069,0.8982205986976624,0.8965633511543274,0.30831241607666016,0.9119170904159546,0.8768683075904846
37,0.9865166544914246,0.8907870650291443,"""[tf.Tensor(0.9078295, shape=(), dtype=float32), tf.Tensor(0.8260707, shape=(), dtype=float32), tf.Tensor(0.9587073, shape=(), dtype=float32), tf.Tensor(0.89663756, shape=(), dtype=float32), tf.Tensor(0.87513566, shape=(), dtype=float32)]""",0.892876148223877,0.8907870054244995,0.8901184797286987,9.499999578110874e-05,0.317974716424942,0.9077290892601013,0.868822455406189,0.9900251030921936,0.9046263098716736,"""[tf.Tensor(0.9480122, shape=(), dtype=float32), tf.Tensor(0.8364248, shape=(), dtype=float32), tf.Tensor(0.98097247, shape=(), dtype=float32), tf.Tensor(0.87499994, shape=(), dtype=float32), tf.Tensor(0.8896796, shape=(), dtype=float32)]""",0.9060177803039551,0.9046262502670288,0.9044597148895264,0.2714696526527405,0.9118075966835022,0.89039146900177
38,0.986301064491272,0.8881940245628357,"""[tf.Tensor(0.9089109, shape=(), dtype=float32), tf.Tensor(0.8250922, shape=(), dtype=float32), tf.Tensor(0.9528936, shape=(), dtype=float32), tf.Tensor(0.8901977, shape=(), dtype=float32), tf.Tensor(0.87346345, shape=(), dtype=float32)]""",0.8901115655899048,0.8881939649581909,0.8876636624336243,9.499999578110874e-05,0.31773146986961365,0.9065435528755188,0.8685173988342285,0.9839633703231812,0.8825622797012329,"""[tf.Tensor(0.9203539, shape=(), dtype=float32), tf.Tensor(0.754491, shape=(), dtype=float32), tf.Tensor(0.91362756, shape=(), dtype=float32), tf.Tensor(0.8910505, shape=(), dtype=float32), tf.Tensor(0.9127517, shape=(), dtype=float32)]""",0.8784549832344055,0.8825622200965881,0.8769575953483582,0.33904293179512024,0.8919117450714111,0.863345205783844
39,0.9870990514755249,0.8903294801712036,"""[tf.Tensor(0.9108513, shape=(), dtype=float32), tf.Tensor(0.8290535, shape=(), dtype=float32), tf.Tensor(0.959605, shape=(), dtype=float32), tf.Tensor(0.8900041, shape=(), dtype=float32), tf.Tensor(0.8730158, shape=(), dtype=float32)]""",0.892505943775177,0.8903294205665588,0.8899607062339783,9.02499959920533e-05,0.3125292956829071,0.9124600887298584,0.8712629675865173,0.9892134666442871,0.8932384252548218,"""[tf.Tensor(0.9203539, shape=(), dtype=float32), tf.Tensor(0.79847896, shape=(), dtype=float32), tf.Tensor(0.98113203, shape=(), dtype=float32), tf.Tensor(0.87114334, shape=(), dtype=float32), tf.Tensor(0.8961937, shape=(), dtype=float32)]""",0.8934603929519653,0.893238365650177,0.890788197517395,0.28686922788619995,0.9050402045249939,0.88185054063797
40,0.988457977771759,0.8936851620674133,"""[tf.Tensor(0.9156146, shape=(), dtype=float32), tf.Tensor(0.8367865, shape=(), dtype=float32), tf.Tensor(0.96415764, shape=(), dtype=float32), tf.Tensor(0.8933838, shape=(), dtype=float32), tf.Tensor(0.8696285, shape=(), dtype=float32)]""",0.8959141969680786,0.8936851024627686,0.8933579921722412,9.02499959920533e-05,0.29527315497398376,0.9112454056739807,0.8738560080528259,0.9903057217597961,0.9010676145553589,"""[tf.Tensor(0.9262536, shape=(), dtype=float32), tf.Tensor(0.8096118, shape=(), dtype=float32), tf.Tensor(0.9791666, shape=(), dtype=float32), tf.Tensor(0.8847583, shape=(), dtype=float32), tf.Tensor(0.9075043, shape=(), dtype=float32)]""",0.9014589190483093,0.9010675549507141,0.8989856839179993,0.2616910934448242,0.912344753742218,0.8889679908752441
41,0.9866853952407837,0.8860585689544678,"""[tf.Tensor(0.9081224, shape=(), dtype=float32), tf.Tensor(0.8220679, shape=(), dtype=float32), tf.Tensor(0.9633601, shape=(), dtype=float32), tf.Tensor(0.8839172, shape=(), dtype=float32), tf.Tensor(0.86468875, shape=(), dtype=float32)]""",0.8884312510490417,0.886058509349823,0.8856435418128967,9.02499959920533e-05,0.3161986470222473,0.9061704874038696,0.8691275119781494,0.9869120717048645,0.88185054063797,"""[tf.Tensor(0.9196428, shape=(), dtype=float32), tf.Tensor(0.7439024, shape=(), dtype=float32), tf.Tensor(0.9691991, shape=(), dtype=float32), tf.Tensor(0.8581435, shape=(), dtype=float32), tf.Tensor(0.90476185, shape=(), dtype=float32)]""",0.8791298866271973,0.8818504810333252,0.8764262199401855,0.31842470169067383,0.8971344828605652,0.8690391182899475
42,0.9870886206626892,0.8915497064590454,"""[tf.Tensor(0.91666657, shape=(), dtype=float32), tf.Tensor(0.8308146, shape=(), dtype=float32), tf.Tensor(0.95698917, shape=(), dtype=float32), tf.Tensor(0.89334995, shape=(), dtype=float32), tf.Tensor(0.86959654, shape=(), dtype=float32)]""",0.8934833407402039,0.8915496468544006,0.8910918831825256,8.573749801144004e-05,0.3095683157444,0.9091487526893616,0.8715680241584778,0.9917492270469666,0.9024910926818848,"""[tf.Tensor(0.9335393, shape=(), dtype=float32), tf.Tensor(0.7977099, shape=(), dtype=float32), tf.Tensor(0.9711934, shape=(), dtype=float32), tf.Tensor(0.8917909, shape=(), dtype=float32), tf.Tensor(0.91410047, shape=(), dtype=float32)]""",0.9016668200492859,0.90249103307724,0.8993881940841675,0.25322800874710083,0.915874183177948,0.891103208065033
43,0.9878436326980591,0.8854484558105469,"""[tf.Tensor(0.90879035, shape=(), dtype=float32), tf.Tensor(0.8198529, shape=(), dtype=float32), tf.Tensor(0.9535714, shape=(), dtype=float32), tf.Tensor(0.88832265, shape=(), dtype=float32), tf.Tensor(0.86683506, shape=(), dtype=float32)]""",0.8874744176864624,0.8854483962059021,0.8849007487297058,8.573749801144004e-05,0.30196431279182434,0.9050793647766113,0.8697376251220703,0.991308867931366,0.8982206583023071,"""[tf.Tensor(0.9317147, shape=(), dtype=float32), tf.Tensor(0.8104089, shape=(), dtype=float32), tf.Tensor(0.9713114, shape=(), dtype=float32), tf.Tensor(0.8733945, shape=(), dtype=float32), tf.Tensor(0.9034482, shape=(), dtype=float32)]""",0.8980555534362793,0.8982205986976624,0.8961749076843262,0.2588030993938446,0.9098901152610779,0.8839857578277588
44,0.9877703189849854,0.8892617225646973,"""[tf.Tensor(0.91005284, shape=(), dtype=float32), tf.Tensor(0.828928, shape=(), dtype=float32), tf.Tensor(0.96326154, shape=(), dtype=float32), tf.Tensor(0.88710356, shape=(), dtype=float32), tf.Tensor(0.8680882, shape=(), dtype=float32)]""",0.8914868235588074,0.8892616629600525,0.8888164162635803,8.573749801144004e-05,0.3027805685997009,0.9066221714019775,0.8708053827285767,0.9910781979560852,0.9024910926818848,"""[tf.Tensor(0.9465408, shape=(), dtype=float32), tf.Tensor(0.7940074, shape=(), dtype=float32), tf.Tensor(0.98326355, shape=(), dtype=float32), tf.Tensor(0.88482624, shape=(), dtype=float32), tf.Tensor(0.904065, shape=(), dtype=float32)]""",0.9025405645370483,0.90249103307724,0.9002443552017212,0.2616439759731293,0.9112727046012878,0.8918149471282959
45,0.988168478012085,0.8996339440345764,"""[tf.Tensor(0.91453266, shape=(), dtype=float32), tf.Tensor(0.8458149, shape=(), dtype=float32), tf.Tensor(0.9629959, shape=(), dtype=float32), tf.Tensor(0.9051033, shape=(), dtype=float32), tf.Tensor(0.8803758, shape=(), dtype=float32)]""",0.9017645120620728,0.8996338844299316,0.8992037177085876,8.573749801144004e-05,0.2964610159397125,0.9153919816017151,0.8762965202331543,0.9911510348320007,0.9010676145553589,"""[tf.Tensor(0.9185184, shape=(), dtype=float32), tf.Tensor(0.82006913, shape=(), dtype=float32), tf.Tensor(0.98333323, shape=(), dtype=float32), tf.Tensor(0.90079355, shape=(), dtype=float32), tf.Tensor(0.8935427, shape=(), dtype=float32)]""",0.9032514691352844,0.9010675549507141,0.9000943899154663,0.25442683696746826,0.9147230386734009,0.8932384252548218
46,0.9884336590766907,0.8939902186393738,"""[tf.Tensor(0.9144758, shape=(), dtype=float32), tf.Tensor(0.83381915, shape=(), dtype=float32), tf.Tensor(0.9581269, shape=(), dtype=float32), tf.Tensor(0.8926315, shape=(), dtype=float32), tf.Tensor(0.88109857, shape=(), dtype=float32)]""",0.8960304260253906,0.893990159034729,0.8937233686447144,8.145062020048499e-05,0.294147253036499,0.913250744342804,0.876754105091095,0.9888781905174255,0.8889679908752441,"""[tf.Tensor(0.9371257, shape=(), dtype=float32), tf.Tensor(0.8022387, shape=(), dtype=float32), tf.Tensor(0.9733059, shape=(), dtype=float32), tf.Tensor(0.85563374, shape=(), dtype=float32), tf.Tensor(0.8747731, shape=(), dtype=float32)]""",0.8886154294013977,0.8889679312705994,0.8867841958999634,0.29063349962234497,0.9001457691192627,0.8790035843849182
47,0.989013135433197,0.8900244235992432,"""[tf.Tensor(0.90672874, shape=(), dtype=float32), tf.Tensor(0.8299669, shape=(), dtype=float32), tf.Tensor(0.9533213, shape=(), dtype=float32), tf.Tensor(0.89941317, shape=(), dtype=float32), tf.Tensor(0.8719798, shape=(), dtype=float32)]""",0.8922820091247559,0.8900243639945984,0.889617919921875,8.145062020048499e-05,0.28630951046943665,0.9067234992980957,0.8762965202331543,0.9797839522361755,0.8555160164833069,"""[tf.Tensor(0.939577, shape=(), dtype=float32), tf.Tensor(0.6952789, shape=(), dtype=float32), tf.Tensor(0.9550321, shape=(), dtype=float32), tf.Tensor(0.7823343, shape=(), dtype=float32), tf.Tensor(0.88812387, shape=(), dtype=float32)]""",0.8520692586898804,0.8555159568786621,0.8511117696762085,0.3950009047985077,0.8625454306602478,0.8441281318664551
48,0.9886881709098816,0.8913971781730652,"""[tf.Tensor(0.9138676, shape=(), dtype=float32), tf.Tensor(0.8249541, shape=(), dtype=float32), tf.Tensor(0.95788527, shape=(), dtype=float32), tf.Tensor(0.88888884, shape=(), dtype=float32), tf.Tensor(0.88100356, shape=(), dtype=float32)]""",0.8933199048042297,0.8913971185684204,0.8909615278244019,8.145062020048499e-05,0.2905541956424713,0.909119725227356,0.8758389353752136,0.9895016551017761,0.8967971801757812,"""[tf.Tensor(0.9185184, shape=(), dtype=float32), tf.Tensor(0.82332146, shape=(), dtype=float32), tf.Tensor(0.97071123, shape=(), dtype=float32), tf.Tensor(0.8918406, shape=(), dtype=float32), tf.Tensor(0.88652474, shape=(), dtype=float32)]""",0.8981832265853882,0.8967971205711365,0.8955637216567993,0.27486640214920044,0.9076363444328308,0.8882562518119812
49,0.9898914098739624,0.9058877229690552,"""[tf.Tensor(0.92828673, shape=(), dtype=float32), tf.Tensor(0.852447, shape=(), dtype=float32), tf.Tensor(0.960538, shape=(), dtype=float32), tf.Tensor(0.90368503, shape=(), dtype=float32), tf.Tensor(0.8921282, shape=(), dtype=float32)]""",0.9074169397354126,0.9058876633644104,0.9055483341217041,7.737809210084379e-05,0.2743554711341858,0.9193065166473389,0.8897193670272827,0.9890714883804321,0.8918149471282959,"""[tf.Tensor(0.91304344, shape=(), dtype=float32), tf.Tensor(0.7977315, shape=(), dtype=float32), tf.Tensor(0.97540975, shape=(), dtype=float32), tf.Tensor(0.8782287, shape=(), dtype=float32), tf.Tensor(0.8948306, shape=(), dtype=float32)]""",0.8918487429618835,0.8918148875236511,0.8889740705490112,0.2822374999523163,0.9026870131492615,0.8846974968910217
50,0.9895076751708984,0.8994814157485962,"""[tf.Tensor(0.91199994, shape=(), dtype=float32), tf.Tensor(0.84488446, shape=(), dtype=float32), tf.Tensor(0.9562109, shape=(), dtype=float32), tf.Tensor(0.89814806, shape=(), dtype=float32), tf.Tensor(0.8949837, shape=(), dtype=float32)]""",0.9012454152107239,0.8994813561439514,0.8991106152534485,7.737809210084379e-05,0.27963072061538696,0.9196187257766724,0.8830079436302185,0.9904836416244507,0.8967971801757812,"""[tf.Tensor(0.93072283, shape=(), dtype=float32), tf.Tensor(0.81467885, shape=(), dtype=float32), tf.Tensor(0.9789915, shape=(), dtype=float32), tf.Tensor(0.87003595, shape=(), dtype=float32), tf.Tensor(0.8931698, shape=(), dtype=float32)]""",0.8975197672843933,0.8967971205711365,0.8954025506973267,0.2657069265842438,0.9058653116226196,0.89039146900177
51,0.9885319471359253,0.899176299571991,"""[tf.Tensor(0.9161676, shape=(), dtype=float32), tf.Tensor(0.8400586, shape=(), dtype=float32), tf.Tensor(0.95792294, shape=(), dtype=float32), tf.Tensor(0.9035789, shape=(), dtype=float32), tf.Tensor(0.887766, shape=(), dtype=float32)]""",0.9010988473892212,0.8991762399673462,0.8987685441970825,7.737809210084379e-05,0.2877160906791687,0.9166402816772461,0.8822452425956726,0.9924830198287964,0.9124554991722107,"""[tf.Tensor(0.94063914, shape=(), dtype=float32), tf.Tensor(0.8309352, shape=(), dtype=float32), tf.Tensor(0.9616161, shape=(), dtype=float32), tf.Tensor(0.90485436, shape=(), dtype=float32), tf.Tensor(0.92333895, shape=(), dtype=float32)]""",0.9122767448425293,0.9124554395675659,0.9107455015182495,0.23866355419158936,0.9256017208099365,0.9032028317451477
52,0.9895845651626587,0.9020744562149048,"""[tf.Tensor(0.92563075, shape=(), dtype=float32), tf.Tensor(0.8538996, shape=(), dtype=float32), tf.Tensor(0.95889187, shape=(), dtype=float32), tf.Tensor(0.9005897, shape=(), dtype=float32), tf.Tensor(0.8792165, shape=(), dtype=float32)]""",0.9036456942558289,0.90207439661026,0.9017022252082825,7.737809210084379e-05,0.27715083956718445,0.9175763130187988,0.884685754776001,0.9849483370780945,0.8647686839103699,"""[tf.Tensor(0.9093524, shape=(), dtype=float32), tf.Tensor(0.75848293, shape=(), dtype=float32), tf.Tensor(0.9659574, shape=(), dtype=float32), tf.Tensor(0.82136893, shape=(), dtype=float32), tf.Tensor(0.86605495, shape=(), dtype=float32)]""",0.8642433285713196,0.8647685647010803,0.8619274497032166,0.3458648920059204,0.8802919983863831,0.8583629727363586
53,0.9902510046958923,0.9049725532531738,"""[tf.Tensor(0.92102623, shape=(), dtype=float32), tf.Tensor(0.8480874, shape=(), dtype=float32), tf.Tensor(0.96514744, shape=(), dtype=float32), tf.Tensor(0.9034162, shape=(), dtype=float32), tf.Tensor(0.8966267, shape=(), dtype=float32)]""",0.9068607091903687,0.904972493648529,0.9046504497528076,7.737809210084379e-05,0.268679678440094,0.918496310710907,0.8869737386703491,0.993711531162262,0.918149471282959,"""[tf.Tensor(0.941358, shape=(), dtype=float32), tf.Tensor(0.8432432, shape=(), dtype=float32), tf.Tensor(0.97933877, shape=(), dtype=float32), tf.Tensor(0.91362756, shape=(), dtype=float32), tf.Tensor(0.91694343, shape=(), dtype=float32)]""",0.9189022183418274,0.9181494116783142,0.9167714715003967,0.22201035916805267,0.9245283007621765,0.9067615866661072
54,0.9900054931640625,0.9025320410728455,"""[tf.Tensor(0.9193333, shape=(), dtype=float32), tf.Tensor(0.8436706, shape=(), dtype=float32), tf.Tensor(0.95827717, shape=(), dtype=float32), tf.Tensor(0.9053881, shape=(), dtype=float32), tf.Tensor(0.8956301, shape=(), dtype=float32)]""",0.9044598340988159,0.9025319814682007,0.9022992849349976,7.737809210084379e-05,0.27399447560310364,0.9184447526931763,0.8863636255264282,0.9936883449554443,0.9209964275360107,"""[tf.Tensor(0.95046437, shape=(), dtype=float32), tf.Tensor(0.8591304, shape=(), dtype=float32), tf.Tensor(0.9812108, shape=(), dtype=float32), tf.Tensor(0.9097888, shape=(), dtype=float32), tf.Tensor(0.91001683, shape=(), dtype=float32)]""",0.9221222996711731,0.920996367931366,0.9204047322273254,0.22070497274398804,0.9269174933433533,0.9117437601089478
55,0.9909440875053406,0.9069554805755615,"""[tf.Tensor(0.92164665, shape=(), dtype=float32), tf.Tensor(0.8540145, shape=(), dtype=float32), tf.Tensor(0.9598556, shape=(), dtype=float32), tf.Tensor(0.9047217, shape=(), dtype=float32), tf.Tensor(0.90292305, shape=(), dtype=float32)]""",0.9086322784423828,0.9069554209709167,0.9067184925079346,7.737809210084379e-05,0.2613709270954132,0.9201071262359619,0.8906345367431641,0.9915643930435181,0.9060498476028442,"""[tf.Tensor(0.9253731, shape=(), dtype=float32), tf.Tensor(0.822898, shape=(), dtype=float32), tf.Tensor(0.9831932, shape=(), dtype=float32), tf.Tensor(0.9024856, shape=(), dtype=float32), tf.Tensor(0.90378, shape=(), dtype=float32)]""",0.9075459241867065,0.9060497879981995,0.9046899080276489,0.24795950949192047,0.9163027405738831,0.8960853815078735
56,0.9905381798744202,0.9039047956466675,"""[tf.Tensor(0.92230403, shape=(), dtype=float32), tf.Tensor(0.851156, shape=(), dtype=float32), tf.Tensor(0.9619004, shape=(), dtype=float32), tf.Tensor(0.90470135, shape=(), dtype=float32), tf.Tensor(0.8893708, shape=(), dtype=float32)]""",0.9058865308761597,0.9039047360420227,0.9037461876869202,7.737809210084379e-05,0.26294073462486267,0.9183223247528076,0.8883465528488159,0.9911437630653381,0.8967971801757812,"""[tf.Tensor(0.92378044, shape=(), dtype=float32), tf.Tensor(0.78682166, shape=(), dtype=float32), tf.Tensor(0.9731958, shape=(), dtype=float32), tf.Tensor(0.8876404, shape=(), dtype=float32), tf.Tensor(0.90791595, shape=(), dtype=float32)]""",0.8958708643913269,0.8967971205711365,0.893143892288208,0.26161283254623413,0.9069091081619263,0.8875445127487183
57,0.9908479452133179,0.9081757068634033,"""[tf.Tensor(0.9287387, shape=(), dtype=float32), tf.Tensor(0.85683054, shape=(), dtype=float32), tf.Tensor(0.96140033, shape=(), dtype=float32), tf.Tensor(0.9023255, shape=(), dtype=float32), tf.Tensor(0.8991023, shape=(), dtype=float32)]""",0.9096795320510864,0.9081755876541138,0.9079593420028687,7.737809210084379e-05,0.26040413975715637,0.9229196310043335,0.8949054479598999,0.9938945770263672,0.9188612103462219,"""[tf.Tensor(0.9377845, shape=(), dtype=float32), tf.Tensor(0.85472965, shape=(), dtype=float32), tf.Tensor(0.9812108, shape=(), dtype=float32), tf.Tensor(0.9267326, shape=(), dtype=float32), tf.Tensor(0.9043478, shape=(), dtype=float32)]""",0.9209610819816589,0.9188611507415771,0.9184187650680542,0.21630597114562988,0.9268645644187927,0.9110320210456848
58,0.9901190400123596,0.9097010493278503,"""[tf.Tensor(0.9250165, shape=(), dtype=float32), tf.Tensor(0.85483867, shape=(), dtype=float32), tf.Tensor(0.9672498, shape=(), dtype=float32), tf.Tensor(0.914069, shape=(), dtype=float32), tf.Tensor(0.8970003, shape=(), dtype=float32)]""",0.9116348028182983,0.9097009897232056,0.9093400239944458,7.737809210084379e-05,0.26401522755622864,0.9200877547264099,0.895668089389801,0.9906961917877197,0.9067615866661072,"""[tf.Tensor(0.91461647, shape=(), dtype=float32), tf.Tensor(0.83038867, shape=(), dtype=float32), tf.Tensor(0.98333323, shape=(), dtype=float32), tf.Tensor(0.9140625, shape=(), dtype=float32), tf.Tensor(0.90196073, shape=(), dtype=float32)]""",0.9088723063468933,0.9067615270614624,0.9055558443069458,0.2503414452075958,0.9181159138679504,0.9017793536186218
59,0.9905592203140259,0.9093959927558899,"""[tf.Tensor(0.92852366, shape=(), dtype=float32), tf.Tensor(0.8604821, shape=(), dtype=float32), tf.Tensor(0.9585958, shape=(), dtype=float32), tf.Tensor(0.91138166, shape=(), dtype=float32), tf.Tensor(0.8959308, shape=(), dtype=float32)]""",0.9109827876091003,0.9093959331512451,0.9091664552688599,7.737809210084379e-05,0.2611619830131531,0.9199936985969543,0.892769992351532,0.9892365336418152,0.8960853815078735,"""[tf.Tensor(0.94011974, shape=(), dtype=float32), tf.Tensor(0.8059701, shape=(), dtype=float32), tf.Tensor(0.9500997, shape=(), dtype=float32), tf.Tensor(0.8816029, shape=(), dtype=float32), tf.Tensor(0.89568347, shape=(), dtype=float32)]""",0.8946951627731323,0.8960853815078735,0.8933577537536621,0.2799600064754486,0.9089584946632385,0.8882562518119812
60,0.9895982146263123,0.9055826663970947,"""[tf.Tensor(0.92522424, shape=(), dtype=float32), tf.Tensor(0.85568506, shape=(), dtype=float32), tf.Tensor(0.964991, shape=(), dtype=float32), tf.Tensor(0.9005947, shape=(), dtype=float32), tf.Tensor(0.89016914, shape=(), dtype=float32)]""",0.9073327779769897,0.90558260679245,0.9053346514701843,7.737809210084379e-05,0.27214130759239197,0.9188423752784729,0.8910921216011047,0.987324059009552,0.8868327140808105,"""[tf.Tensor(0.9381598, shape=(), dtype=float32), tf.Tensor(0.762475, shape=(), dtype=float32), tf.Tensor(0.9598393, shape=(), dtype=float32), tf.Tensor(0.85467124, shape=(), dtype=float32), tf.Tensor(0.9052631, shape=(), dtype=float32)]""",0.8840816617012024,0.8868326544761658,0.8824893236160278,0.312231183052063,0.8963767886161804,0.8804270625114441
61,0.9905493855476379,0.9075655937194824,"""[tf.Tensor(0.9242974, shape=(), dtype=float32), tf.Tensor(0.8510637, shape=(), dtype=float32), tf.Tensor(0.9582021, shape=(), dtype=float32), tf.Tensor(0.9126213, shape=(), dtype=float32), tf.Tensor(0.89989156, shape=(), dtype=float32)]""",0.9092151522636414,0.9075655937194824,0.9071846008300781,7.350918895099312e-05,0.259450763463974,0.9209243655204773,0.8935326337814331,0.990074098110199,0.8932384252548218,"""[tf.Tensor(0.9449541, shape=(), dtype=float32), tf.Tensor(0.75151515, shape=(), dtype=float32), tf.Tensor(0.96341455, shape=(), dtype=float32), tf.Tensor(0.87612206, shape=(), dtype=float32), tf.Tensor(0.9117646, shape=(), dtype=float32)]""",0.8895541429519653,0.893238365650177,0.8875017762184143,0.28052470088005066,0.9026162624359131,0.8839857578277588
62,0.9905408024787903,0.9026845693588257,"""[tf.Tensor(0.91688824, shape=(), dtype=float32), tf.Tensor(0.8453079, shape=(), dtype=float32), tf.Tensor(0.96332735, shape=(), dtype=float32), tf.Tensor(0.9076271, shape=(), dtype=float32), tf.Tensor(0.8906474, shape=(), dtype=float32)]""",0.9047595858573914,0.9026845097541809,0.9023019075393677,7.350918895099312e-05,0.2629014551639557,0.9142544269561768,0.891244649887085,0.9902636408805847,0.9046263098716736,"""[tf.Tensor(0.92421985, shape=(), dtype=float32), tf.Tensor(0.8299817, shape=(), dtype=float32), tf.Tensor(0.9726315, shape=(), dtype=float32), tf.Tensor(0.89591074, shape=(), dtype=float32), tf.Tensor(0.9046793, shape=(), dtype=float32)]""",0.9054845571517944,0.9046262502670288,0.9031589031219482,0.26185062527656555,0.912854015827179,0.8946619033813477
63,0.9901332259178162,0.9069554805755615,"""[tf.Tensor(0.92359245, shape=(), dtype=float32), tf.Tensor(0.85559165, shape=(), dtype=float32), tf.Tensor(0.9634641, shape=(), dtype=float32), tf.Tensor(0.9114671, shape=(), dtype=float32), tf.Tensor(0.8912103, shape=(), dtype=float32)]""",0.9090650677680969,0.9069554209709167,0.9068495035171509,7.350918895099312e-05,0.26636072993278503,0.9201951622962952,0.8917022347450256,0.9848752617835999,0.8861209750175476,"""[tf.Tensor(0.88111883, shape=(), dtype=float32), tf.Tensor(0.7803992, shape=(), dtype=float32), tf.Tensor(0.98128885, shape=(), dtype=float32), tf.Tensor(0.90797544, shape=(), dtype=float32), tf.Tensor(0.89547026, shape=(), dtype=float32)]""",0.8892505764961243,0.8861209154129028,0.8844738602638245,0.3190743327140808,0.8965014815330505,0.8754448294639587
64,0.9914590716362,0.910158634185791,"""[tf.Tensor(0.9276139, shape=(), dtype=float32), tf.Tensor(0.86057514, shape=(), dtype=float32), tf.Tensor(0.96200264, shape=(), dtype=float32), tf.Tensor(0.9081675, shape=(), dtype=float32), tf.Tensor(0.9003955, shape=(), dtype=float32)]""",0.9117509126663208,0.9101585745811462,0.9099233746528625,6.983373168623075e-05,0.25124073028564453,0.9216024875640869,0.8947529196739197,0.9903783798217773,0.9124554991722107,"""[tf.Tensor(0.95102686, shape=(), dtype=float32), tf.Tensor(0.82771534, shape=(), dtype=float32), tf.Tensor(0.96747965, shape=(), dtype=float32), tf.Tensor(0.8913044, shape=(), dtype=float32), tf.Tensor(0.92153585, shape=(), dtype=float32)]""",0.911812424659729,0.9124554395675659,0.9106133580207825,0.2620977461338043,0.9196816086769104,0.9046263098716736
65,0.9911276698112488,0.9115314483642578,"""[tf.Tensor(0.92389846, shape=(), dtype=float32), tf.Tensor(0.8638838, shape=(), dtype=float32), tf.Tensor(0.96858156, shape=(), dtype=float32), tf.Tensor(0.9136841, shape=(), dtype=float32), tf.Tensor(0.8977519, shape=(), dtype=float32)]""",0.9135599136352539,0.911531388759613,0.9113331437110901,6.983373168623075e-05,0.25164714455604553,0.9226917028427124,0.899328887462616,0.9920101761817932,0.9067615866661072,"""[tf.Tensor(0.92762184, shape=(), dtype=float32), tf.Tensor(0.8144143, shape=(), dtype=float32), tf.Tensor(0.97703546, shape=(), dtype=float32), tf.Tensor(0.904, shape=(), dtype=float32), tf.Tensor(0.9148581, shape=(), dtype=float32)]""",0.9075859189033508,0.9067615270614624,0.904945969581604,0.2441321611404419,0.9176984429359436,0.8967971801757812
66,0.9909016489982605,0.9098535776138306,"""[tf.Tensor(0.92307687, shape=(), dtype=float32), tf.Tensor(0.85735077, shape=(), dtype=float32), tf.Tensor(0.9643662, shape=(), dtype=float32), tf.Tensor(0.9129886, shape=(), dtype=float32), tf.Tensor(0.90126574, shape=(), dtype=float32)]""",0.9118096232414246,0.9098535180091858,0.909651517868042,6.983373168623075e-05,0.25671374797821045,0.9230284690856934,0.8944478631019592,0.9936907887458801,0.9217081665992737,"""[tf.Tensor(0.951938, shape=(), dtype=float32), tf.Tensor(0.84982926, shape=(), dtype=float32), tf.Tensor(0.97933877, shape=(), dtype=float32), tf.Tensor(0.91164654, shape=(), dtype=float32), tf.Tensor(0.92127293, shape=(), dtype=float32)]""",0.9228050112724304,0.9217081069946289,0.9211381077766418,0.21289841830730438,0.9283646941184998,0.9131672382354736
67,0.991342306137085,0.9071080088615417,"""[tf.Tensor(0.9296615, shape=(), dtype=float32), tf.Tensor(0.85027313, shape=(), dtype=float32), tf.Tensor(0.9650224, shape=(), dtype=float32), tf.Tensor(0.90962833, shape=(), dtype=float32), tf.Tensor(0.89001805, shape=(), dtype=float32)]""",0.9089206457138062,0.907107949256897,0.9067765474319458,6.983373168623075e-05,0.25512102246284485,0.9186685681343079,0.8924649357795715,0.9893516898155212,0.8953736424446106,"""[tf.Tensor(0.92171335, shape=(), dtype=float32), tf.Tensor(0.7744511, shape=(), dtype=float32), tf.Tensor(0.97520655, shape=(), dtype=float32), tf.Tensor(0.89305806, shape=(), dtype=float32), tf.Tensor(0.904065, shape=(), dtype=float32)]""",0.8936988115310669,0.8953735828399658,0.8905317783355713,0.283804714679718,0.8999999761581421,0.8839857578277588
68,0.9920819997787476,0.9078706502914429,"""[tf.Tensor(0.9231792, shape=(), dtype=float32), tf.Tensor(0.8552631, shape=(), dtype=float32), tf.Tensor(0.9681757, shape=(), dtype=float32), tf.Tensor(0.90870655, shape=(), dtype=float32), tf.Tensor(0.8939393, shape=(), dtype=float32)]""",0.9098528027534485,0.9078705906867981,0.9075663089752197,6.983373168623075e-05,0.24540966749191284,0.920597493648529,0.8930750489234924,0.9928011894226074,0.908896803855896,"""[tf.Tensor(0.93674695, shape=(), dtype=float32), tf.Tensor(0.8113207, shape=(), dtype=float32), tf.Tensor(0.9791666, shape=(), dtype=float32), tf.Tensor(0.90038306, shape=(), dtype=float32), tf.Tensor(0.91530937, shape=(), dtype=float32)]""",0.9085853695869446,0.9088967442512512,0.9061686992645264,0.23398663103580475,0.9179375171661377,0.899644136428833
69,0.990784227848053,0.9080231785774231,"""[tf.Tensor(0.92902356, shape=(), dtype=float32), tf.Tensor(0.8567272, shape=(), dtype=float32), tf.Tensor(0.9635299, shape=(), dtype=float32), tf.Tensor(0.9079337, shape=(), dtype=float32), tf.Tensor(0.8918432, shape=(), dtype=float32)]""",0.9098114967346191,0.9080231189727783,0.9078377485275269,6.983373168623075e-05,0.25679248571395874,0.9224367737770081,0.8961256742477417,0.9941180348396301,0.9188612103462219,"""[tf.Tensor(0.9485179, shape=(), dtype=float32), tf.Tensor(0.84532374, shape=(), dtype=float32), tf.Tensor(0.9813664, shape=(), dtype=float32), tf.Tensor(0.9024856, shape=(), dtype=float32), tf.Tensor(0.91927505, shape=(), dtype=float32)]""",0.9193937182426453,0.9188611507415771,0.9176869988441467,0.21202024817466736,0.9303337931632996,0.9124554991722107
70,0.9915374517440796,0.9084807634353638,"""[tf.Tensor(0.9201193, shape=(), dtype=float32), tf.Tensor(0.85284394, shape=(), dtype=float32), tf.Tensor(0.9646848, shape=(), dtype=float32), tf.Tensor(0.9133924, shape=(), dtype=float32), tf.Tensor(0.90093994, shape=(), dtype=float32)]""",0.9103960990905762,0.908480703830719,0.9080751538276672,6.983373168623075e-05,0.24819868803024292,0.9196302890777588,0.8953630328178406,0.9904997944831848,0.9024910926818848,"""[tf.Tensor(0.91094893, shape=(), dtype=float32), tf.Tensor(0.8209764, shape=(), dtype=float32), tf.Tensor(0.9730848, shape=(), dtype=float32), tf.Tensor(0.9038461, shape=(), dtype=float32), tf.Tensor(0.910369, shape=(), dtype=float32)]""",0.9038450121879578,0.90249103307724,0.9009163975715637,0.25429487228393555,0.9140568375587463,0.8932384252548218
71,0.9917774200439453,0.9095485210418701,"""[tf.Tensor(0.92574084, shape=(), dtype=float32), tf.Tensor(0.8572463, shape=(), dtype=float32), tf.Tensor(0.9650224, shape=(), dtype=float32), tf.Tensor(0.9135386, shape=(), dtype=float32), tf.Tensor(0.89592427, shape=(), dtype=float32)]""",0.9114944338798523,0.9095484614372253,0.9093189239501953,6.983373168623075e-05,0.2429722249507904,0.920413613319397,0.8961256742477417,0.9940086603164673,0.917437732219696,"""[tf.Tensor(0.9475308, shape=(), dtype=float32), tf.Tensor(0.8428093, shape=(), dtype=float32), tf.Tensor(0.9711934, shape=(), dtype=float32), tf.Tensor(0.913223, shape=(), dtype=float32), tf.Tensor(0.91919184, shape=(), dtype=float32)]""",0.9187896847724915,0.9174376726150513,0.9170961380004883,0.20640437304973602,0.9277456402778625,0.9138789772987366
72,0.9906678795814514,0.9119890332221985,"""[tf.Tensor(0.9217506, shape=(), dtype=float32), tf.Tensor(0.86295885, shape=(), dtype=float32), tf.Tensor(0.9748427, shape=(), dtype=float32), tf.Tensor(0.91177696, shape=(), dtype=float32), tf.Tensor(0.89963627, shape=(), dtype=float32)]""",0.9141930341720581,0.9119889736175537,0.911766529083252,6.983373168623075e-05,0.25294238328933716,0.9238483309745789,0.899328887462616,0.992979884147644,0.9131672382354736,"""[tf.Tensor(0.94063914, shape=(), dtype=float32), tf.Tensor(0.8293578, shape=(), dtype=float32), tf.Tensor(0.9810526, shape=(), dtype=float32), tf.Tensor(0.8929889, shape=(), dtype=float32), tf.Tensor(0.92385775, shape=(), dtype=float32)]""",0.9135792851448059,0.9131671786308289,0.9117045402526855,0.23093296587467194,0.9184115529060364,0.9053380489349365
73,0.9922128915786743,0.9125991463661194,"""[tf.Tensor(0.92642134, shape=(), dtype=float32), tf.Tensor(0.86264527, shape=(), dtype=float32), tf.Tensor(0.9644624, shape=(), dtype=float32), tf.Tensor(0.91579384, shape=(), dtype=float32), tf.Tensor(0.9028985, shape=(), dtype=float32)]""",0.9144442677497864,0.9125990867614746,0.9124040007591248,6.983373168623075e-05,0.24006089568138123,0.9253144860267639,0.8976510167121887,0.989952564239502,0.8982206583023071,"""[tf.Tensor(0.9122807, shape=(), dtype=float32), tf.Tensor(0.8152174, shape=(), dtype=float32), tf.Tensor(0.968017, shape=(), dtype=float32), tf.Tensor(0.9011407, shape=(), dtype=float32), tf.Tensor(0.90155435, shape=(), dtype=float32)]""",0.8996419906616211,0.8982205986976624,0.8967866897583008,0.2663881778717041,0.906181812286377,0.8868327140808105
74,0.9924082159996033,0.9171751141548157,"""[tf.Tensor(0.9309769, shape=(), dtype=float32), tf.Tensor(0.8715328, shape=(), dtype=float32), tf.Tensor(0.9660107, shape=(), dtype=float32), tf.Tensor(0.9192598, shape=(), dtype=float32), tf.Tensor(0.90612537, shape=(), dtype=float32)]""",0.9187811613082886,0.9171750545501709,0.9168992042541504,6.983373168623075e-05,0.23465079069137573,0.92721027135849,0.9054301381111145,0.9893664121627808,0.8960853815078735,"""[tf.Tensor(0.9067055, shape=(), dtype=float32), tf.Tensor(0.80373824, shape=(), dtype=float32), tf.Tensor(0.9813664, shape=(), dtype=float32), tf.Tensor(0.8876404, shape=(), dtype=float32), tf.Tensor(0.90559435, shape=(), dtype=float32)]""",0.897009015083313,0.8960853815078735,0.8937799334526062,0.28179141879081726,0.9040697813034058,0.8854092359542847
75,0.9913356304168701,0.9104636907577515,"""[tf.Tensor(0.9260127, shape=(), dtype=float32), tf.Tensor(0.8586917, shape=(), dtype=float32), tf.Tensor(0.9685534, shape=(), dtype=float32), tf.Tensor(0.9140922, shape=(), dtype=float32), tf.Tensor(0.8956301, shape=(), dtype=float32)]""",0.9125960469245911,0.9104636311531067,0.9103258848190308,6.634204328292981e-05,0.24662023782730103,0.9240665435791016,0.8984136581420898,0.9862796664237976,0.8775800466537476,"""[tf.Tensor(0.92581594, shape=(), dtype=float32), tf.Tensor(0.7469387, shape=(), dtype=float32), tf.Tensor(0.9772256, shape=(), dtype=float32), tf.Tensor(0.8322147, shape=(), dtype=float32), tf.Tensor(0.89594346, shape=(), dtype=float32)]""",0.8756276965141296,0.8775799870491028,0.8733515739440918,0.32757213711738586,0.8832011818885803,0.871886134147644
76,0.9914866089820862,0.9104636907577515,"""[tf.Tensor(0.92451566, shape=(), dtype=float32), tf.Tensor(0.85360515, shape=(), dtype=float32), tf.Tensor(0.9681757, shape=(), dtype=float32), tf.Tensor(0.91561174, shape=(), dtype=float32), tf.Tensor(0.90075785, shape=(), dtype=float32)]""",0.912533164024353,0.9104636311531067,0.9101876020431519,6.634204328292981e-05,0.24569307267665863,0.9208880662918091,0.8984136581420898,0.9925268888473511,0.9138789772987366,"""[tf.Tensor(0.9468891, shape=(), dtype=float32), tf.Tensor(0.8280961, shape=(), dtype=float32), tf.Tensor(0.9753086, shape=(), dtype=float32), tf.Tensor(0.9009346, shape=(), dtype=float32), tf.Tensor(0.91680807, shape=(), dtype=float32)]""",0.9136072993278503,0.9138789176940918,0.9118114113807678,0.23152290284633636,0.924078106880188,0.9096085429191589
77,0.9920937418937683,0.9168700575828552,"""[tf.Tensor(0.92764246, shape=(), dtype=float32), tf.Tensor(0.8620188, shape=(), dtype=float32), tf.Tensor(0.96896076, shape=(), dtype=float32), tf.Tensor(0.92027134, shape=(), dtype=float32), tf.Tensor(0.9150467, shape=(), dtype=float32)]""",0.9187880754470825,0.9168699979782104,0.9166713356971741,6.634204328292981e-05,0.2359895408153534,0.9262795448303223,0.9026845693588257,0.9905444979667664,0.8982206583023071,"""[tf.Tensor(0.9420731, shape=(), dtype=float32), tf.Tensor(0.7707509, shape=(), dtype=float32), tf.Tensor(0.9773195, shape=(), dtype=float32), tf.Tensor(0.8718861, shape=(), dtype=float32), tf.Tensor(0.9184692, shape=(), dtype=float32)]""",0.8960996866226196,0.8982205986976624,0.8939759731292725,0.277170330286026,0.9072463512420654,0.891103208065033
78,0.9925401210784912,0.9177852272987366,"""[tf.Tensor(0.93035644, shape=(), dtype=float32), tf.Tensor(0.8724489, shape=(), dtype=float32), tf.Tensor(0.970865, shape=(), dtype=float32), tf.Tensor(0.92106366, shape=(), dtype=float32), tf.Tensor(0.9035055, shape=(), dtype=float32)]""",0.9196478724479675,0.9177851676940918,0.9175489544868469,6.30249414825812e-05,0.2317599654197693,0.9282700419425964,0.9060402512550354,0.9928324818611145,0.9153025150299072,"""[tf.Tensor(0.9237668, shape=(), dtype=float32), tf.Tensor(0.8435852, shape=(), dtype=float32), tf.Tensor(0.97925305, shape=(), dtype=float32), tf.Tensor(0.9227642, shape=(), dtype=float32), tf.Tensor(0.9163879, shape=(), dtype=float32)]""",0.9171514511108398,0.9153024554252625,0.9143511056900024,0.2193232923746109,0.920806348323822,0.9103202819824219
79,0.9927950501441956,0.9179377555847168,"""[tf.Tensor(0.9327563, shape=(), dtype=float32), tf.Tensor(0.8756363, shape=(), dtype=float32), tf.Tensor(0.9644624, shape=(), dtype=float32), tf.Tensor(0.91989875, shape=(), dtype=float32), tf.Tensor(0.9048135, shape=(), dtype=float32)]""",0.9195135235786438,0.917937695980072,0.9177547693252563,6.30249414825812e-05,0.22885723412036896,0.9308560490608215,0.9055826663970947,0.9943848252296448,0.918149471282959,"""[tf.Tensor(0.9517884, shape=(), dtype=float32), tf.Tensor(0.837887, shape=(), dtype=float32), tf.Tensor(0.9753086, shape=(), dtype=float32), tf.Tensor(0.906367, shape=(), dtype=float32), tf.Tensor(0.91973233, shape=(), dtype=float32)]""",0.9182167053222656,0.9181494116783142,0.9166009426116943,0.20754937827587128,0.9236860871315002,0.9131672382354736
80,0.9935095906257629,0.9220561385154724,"""[tf.Tensor(0.93111473, shape=(), dtype=float32), tf.Tensor(0.8826734, shape=(), dtype=float32), tf.Tensor(0.96909976, shape=(), dtype=float32), tf.Tensor(0.92548686, shape=(), dtype=float32), tf.Tensor(0.9104748, shape=(), dtype=float32)]""",0.9237699508666992,0.9220560789108276,0.9218642711639404,6.30249414825812e-05,0.21908366680145264,0.9312499761581421,0.9090909361839294,0.9944380521774292,0.9217081665992737,"""[tf.Tensor(0.94915247, shape=(), dtype=float32), tf.Tensor(0.8479427, shape=(), dtype=float32), tf.Tensor(0.98333323, shape=(), dtype=float32), tf.Tensor(0.91081583, shape=(), dtype=float32), tf.Tensor(0.92100835, shape=(), dtype=float32)]""",0.9224504232406616,0.9217081069946289,0.9205781817436218,0.20365053415298462,0.9333333373069763,0.9167259931564331
81,0.9923769235610962,0.9197681546211243,"""[tf.Tensor(0.93431133, shape=(), dtype=float32), tf.Tensor(0.88095236, shape=(), dtype=float32), tf.Tensor(0.96947926, shape=(), dtype=float32), tf.Tensor(0.91765696, shape=(), dtype=float32), tf.Tensor(0.9046064, shape=(), dtype=float32)]""",0.92140132188797,0.9197680950164795,0.9196501970291138,6.30249414825812e-05,0.2323760688304901,0.9312558770179749,0.9071080088615417,0.9899628758430481,0.900355875492096,"""[tf.Tensor(0.90804595, shape=(), dtype=float32), tf.Tensor(0.80898875, shape=(), dtype=float32), tf.Tensor(0.9773195, shape=(), dtype=float32), tf.Tensor(0.90874517, shape=(), dtype=float32), tf.Tensor(0.90333915, shape=(), dtype=float32)]""",0.9012876749038696,0.9003558158874512,0.8978121280670166,0.26205649971961975,0.9084967374801636,0.89039146900177
82,0.992268443107605,0.9174801707267761,"""[tf.Tensor(0.93752074, shape=(), dtype=float32), tf.Tensor(0.86623275, shape=(), dtype=float32), tf.Tensor(0.9658272, shape=(), dtype=float32), tf.Tensor(0.91719747, shape=(), dtype=float32), tf.Tensor(0.9084354, shape=(), dtype=float32)]""",0.919042706489563,0.9174801111221313,0.9173401594161987,6.30249414825812e-05,0.2325476109981537,0.9282139539718628,0.9052776098251343,0.9933524131774902,0.9138789772987366,"""[tf.Tensor(0.9299552, shape=(), dtype=float32), tf.Tensor(0.8408304, shape=(), dtype=float32), tf.Tensor(0.9768421, shape=(), dtype=float32), tf.Tensor(0.91164654, shape=(), dtype=float32), tf.Tensor(0.9183673, shape=(), dtype=float32)]""",0.9155282974243164,0.9138789176940918,0.9131886959075928,0.21968822181224823,0.9199711680412292,0.9081850647926331
83,0.9933493137359619,0.923123836517334,"""[tf.Tensor(0.9465293, shape=(), dtype=float32), tf.Tensor(0.8784772, shape=(), dtype=float32), tf.Tensor(0.97037697, shape=(), dtype=float32), tf.Tensor(0.9117896, shape=(), dtype=float32), tf.Tensor(0.91340274, shape=(), dtype=float32)]""",0.9241151809692383,0.9231237769126892,0.9228520393371582,6.30249414825812e-05,0.22153136134147644,0.9306033253669739,0.9081757068634033,0.993059515953064,0.9167259931564331,"""[tf.Tensor(0.9464011, shape=(), dtype=float32), tf.Tensor(0.82396996, shape=(), dtype=float32), tf.Tensor(0.9774127, shape=(), dtype=float32), tf.Tensor(0.9097744, shape=(), dtype=float32), tf.Tensor(0.92384094, shape=(), dtype=float32)]""",0.9162797927856445,0.9167259335517883,0.9142383933067322,0.22915008664131165,0.926086962223053,0.9096085429191589
84,0.9929813742637634,0.9208358526229858,"""[tf.Tensor(0.92764246, shape=(), dtype=float32), tf.Tensor(0.8811341, shape=(), dtype=float32), tf.Tensor(0.97081274, shape=(), dtype=float32), tf.Tensor(0.928902, shape=(), dtype=float32), tf.Tensor(0.9057287, shape=(), dtype=float32)]""",0.9228440523147583,0.9208357930183411,0.9206491112709045,5.98736951360479e-05,0.22577621042728424,0.9307704567909241,0.9084807634353638,0.9939784407615662,0.9245551824569702,"""[tf.Tensor(0.93674695, shape=(), dtype=float32), tf.Tensor(0.86212903, shape=(), dtype=float32), tf.Tensor(0.9789915, shape=(), dtype=float32), tf.Tensor(0.9273084, shape=(), dtype=float32), tf.Tensor(0.92517, shape=(), dtype=float32)]""",0.9260691404342651,0.9245551228523254,0.9238752126693726,0.20937952399253845,0.9313087463378906,0.9167259931564331
85,0.9925681352615356,0.9190055131912231,"""[tf.Tensor(0.92617446, shape=(), dtype=float32), tf.Tensor(0.87246376, shape=(), dtype=float32), tf.Tensor(0.9722222, shape=(), dtype=float32), tf.Tensor(0.92548686, shape=(), dtype=float32), tf.Tensor(0.90928715, shape=(), dtype=float32)]""",0.9211268424987793,0.9190054535865784,0.9188419580459595,5.98736951360479e-05,0.2309698462486267,0.929240882396698,0.9074130654335022,0.9935017228126526,0.9202846884727478,"""[tf.Tensor(0.9422492, shape=(), dtype=float32), tf.Tensor(0.84057957, shape=(), dtype=float32), tf.Tensor(0.9753086, shape=(), dtype=float32), tf.Tensor(0.9233792, shape=(), dtype=float32), tf.Tensor(0.922314, shape=(), dtype=float32)]""",0.9207661747932434,0.920284628868103,0.9185931086540222,0.21542476117610931,0.9283646941184998,0.9131672382354736
86,0.992201566696167,0.9164124727249146,"""[tf.Tensor(0.93373495, shape=(), dtype=float32), tf.Tensor(0.861516, shape=(), dtype=float32), tf.Tensor(0.97091717, shape=(), dtype=float32), tf.Tensor(0.91989875, shape=(), dtype=float32), tf.Tensor(0.9051568, shape=(), dtype=float32)]""",0.9182447195053101,0.9164124131202698,0.9161298274993896,5.98736951360479e-05,0.2331772744655609,0.9269970059394836,0.9045149683952332,0.9936267137527466,0.9167259931564331,"""[tf.Tensor(0.9408193, shape=(), dtype=float32), tf.Tensor(0.8372943, shape=(), dtype=float32), tf.Tensor(0.9791666, shape=(), dtype=float32), tf.Tensor(0.90359163, shape=(), dtype=float32), tf.Tensor(0.92436963, shape=(), dtype=float32)]""",0.9170483350753784,0.9167259335517883,0.91512131690979,0.21451283991336823,0.928260862827301,0.9117437601089478
87,0.993263840675354,0.9170225858688354,"""[tf.Tensor(0.9309886, shape=(), dtype=float32), tf.Tensor(0.87035686, shape=(), dtype=float32), tf.Tensor(0.96508497, shape=(), dtype=float32), tf.Tensor(0.9217758, shape=(), dtype=float32), tf.Tensor(0.9051943, shape=(), dtype=float32)]""",0.9186800718307495,0.9170225262641907,0.9167476892471313,5.688000965164974e-05,0.22454535961151123,0.93027263879776,0.9055826663970947,0.9938645958900452,0.917437732219696,"""[tf.Tensor(0.9454545, shape=(), dtype=float32), tf.Tensor(0.83963954, shape=(), dtype=float32), tf.Tensor(0.9767441, shape=(), dtype=float32), tf.Tensor(0.8964218, shape=(), dtype=float32), tf.Tensor(0.93062603, shape=(), dtype=float32)]""",0.9177771806716919,0.9174376726150513,0.9162995219230652,0.2129552811384201,0.9239681363105774,0.9081850647926331
88,0.9932121634483337,0.9193105697631836,"""[tf.Tensor(0.9279999, shape=(), dtype=float32), tf.Tensor(0.86840206, shape=(), dtype=float32), tf.Tensor(0.9659498, shape=(), dtype=float32), tf.Tensor(0.92255884, shape=(), dtype=float32), tf.Tensor(0.9203797, shape=(), dtype=float32)]""",0.9210580587387085,0.9193105101585388,0.9191371202468872,5.688000965164974e-05,0.22186726331710815,0.9290957450866699,0.9074130654335022,0.9931541085243225,0.9117437601089478,"""[tf.Tensor(0.9464011, shape=(), dtype=float32), tf.Tensor(0.8173257, shape=(), dtype=float32), tf.Tensor(0.97540975, shape=(), dtype=float32), tf.Tensor(0.89138573, shape=(), dtype=float32), tf.Tensor(0.92384094, shape=(), dtype=float32)]""",0.9108726382255554,0.9117436408996582,0.9091938734054565,0.22914348542690277,0.9184115529060364,0.9053380489349365
89,0.9929696917533875,0.9220561385154724,"""[tf.Tensor(0.9378341, shape=(), dtype=float32), tf.Tensor(0.8785585, shape=(), dtype=float32), tf.Tensor(0.970681, shape=(), dtype=float32), tf.Tensor(0.9219014, shape=(), dtype=float32), tf.Tensor(0.90981233, shape=(), dtype=float32)]""",0.9237574338912964,0.9220560789108276,0.9219990968704224,5.688000965164974e-05,0.2200731337070465,0.9326368570327759,0.9122940897941589,0.9927265048027039,0.9195729494094849,"""[tf.Tensor(0.93674695, shape=(), dtype=float32), tf.Tensor(0.8468468, shape=(), dtype=float32), tf.Tensor(0.9753086, shape=(), dtype=float32), tf.Tensor(0.92460304, shape=(), dtype=float32), tf.Tensor(0.9184692, shape=(), dtype=float32)]""",0.9203948974609375,0.9195728898048401,0.9180906414985657,0.22190646827220917,0.9227994084358215,0.9103202819824219
90,0.9924499988555908,0.916717529296875,"""[tf.Tensor(0.9299532, shape=(), dtype=float32), tf.Tensor(0.8606676, shape=(), dtype=float32), tf.Tensor(0.9707075, shape=(), dtype=float32), tf.Tensor(0.92301184, shape=(), dtype=float32), tf.Tensor(0.90954953, shape=(), dtype=float32)]""",0.9187779426574707,0.9167174696922302,0.9165364503860474,5.4036008805269375e-05,0.2324947863817215,0.9261629581451416,0.9049725532531738,0.9945945143699646,0.9309608340263367,"""[tf.Tensor(0.95461655, shape=(), dtype=float32), tf.Tensor(0.8730434, shape=(), dtype=float32), tf.Tensor(0.9772256, shape=(), dtype=float32), tf.Tensor(0.928709, shape=(), dtype=float32), tf.Tensor(0.92592585, shape=(), dtype=float32)]""",0.9319040179252625,0.9309607744216919,0.9303719997406006,0.19952265918254852,0.9381294846534729,0.9281138777732849
91,0.9936010837554932,0.9237340092658997,"""[tf.Tensor(0.93920046, shape=(), dtype=float32), tf.Tensor(0.8840736, shape=(), dtype=float32), tf.Tensor(0.96418977, shape=(), dtype=float32), tf.Tensor(0.92222685, shape=(), dtype=float32), tf.Tensor(0.91543716, shape=(), dtype=float32)]""",0.9250255823135376,0.9237339496612549,0.9236282110214233,5.4036008805269375e-05,0.21408437192440033,0.9341345429420471,0.9129042029380798,0.9930126070976257,0.9224199056625366,"""[tf.Tensor(0.92974585, shape=(), dtype=float32), tf.Tensor(0.85563374, shape=(), dtype=float32), tf.Tensor(0.97925305, shape=(), dtype=float32), tf.Tensor(0.93145156, shape=(), dtype=float32), tf.Tensor(0.92436963, shape=(), dtype=float32)]""",0.9240907430648804,0.9224198460578918,0.9215148687362671,0.2146059274673462,0.9266186952590942,0.9167259931564331
92,0.9930700063705444,0.9193105697631836,"""[tf.Tensor(0.93328923, shape=(), dtype=float32), tf.Tensor(0.8632727, shape=(), dtype=float32), tf.Tensor(0.9721473, shape=(), dtype=float32), tf.Tensor(0.9259259, shape=(), dtype=float32), tf.Tensor(0.9114201, shape=(), dtype=float32)]""",0.9212110638618469,0.9193105101585388,0.9190102815628052,5.4036008805269375e-05,0.22087319195270538,0.9290957450866699,0.9074130654335022,0.992197573184967,0.917437732219696,"""[tf.Tensor(0.92421985, shape=(), dtype=float32), tf.Tensor(0.83512545, shape=(), dtype=float32), tf.Tensor(0.98113203, shape=(), dtype=float32), tf.Tensor(0.92585164, shape=(), dtype=float32), tf.Tensor(0.9286898, shape=(), dtype=float32)]""",0.9190037846565247,0.9174376726150513,0.9161105155944824,0.23226453363895416,0.9241329431533813,0.9103202819824219
93,0.993416965007782,0.9284625053405762,"""[tf.Tensor(0.9365397, shape=(), dtype=float32), tf.Tensor(0.8896899, shape=(), dtype=float32), tf.Tensor(0.97394425, shape=(), dtype=float32), tf.Tensor(0.9319238, shape=(), dtype=float32), tf.Tensor(0.91899735, shape=(), dtype=float32)]""",0.9302189946174622,0.9284624457359314,0.9283641576766968,5.4036008805269375e-05,0.21768790483474731,0.9372071027755737,0.915192186832428,0.9916735887527466,0.9024910926818848,"""[tf.Tensor(0.93514323, shape=(), dtype=float32), tf.Tensor(0.8107074, shape=(), dtype=float32), tf.Tensor(0.9791666, shape=(), dtype=float32), tf.Tensor(0.87253135, shape=(), dtype=float32), tf.Tensor(0.9131175, shape=(), dtype=float32)]""",0.9021331667900085,0.90249103307724,0.9002362489700317,0.25368326902389526,0.9076479077339172,0.8953736424446106
94,0.9939572811126709,0.9237340092658997,"""[tf.Tensor(0.93920046, shape=(), dtype=float32), tf.Tensor(0.87872183, shape=(), dtype=float32), tf.Tensor(0.96681607, shape=(), dtype=float32), tf.Tensor(0.9224247, shape=(), dtype=float32), tf.Tensor(0.91833806, shape=(), dtype=float32)]""",0.9251002073287964,0.9237339496612549,0.9235777258872986,5.133420927450061e-05,0.2102670669555664,0.9364162087440491,0.9142770171165466,0.9934481382369995,0.9238434433937073,"""[tf.Tensor(0.9464011, shape=(), dtype=float32), tf.Tensor(0.8509874, shape=(), dtype=float32), tf.Tensor(0.98532486, shape=(), dtype=float32), tf.Tensor(0.9069767, shape=(), dtype=float32), tf.Tensor(0.93245465, shape=(), dtype=float32)]""",0.9244289398193359,0.9238433837890625,0.9226679801940918,0.21557161211967468,0.9313583970069885,0.917437732219696
95,0.9931223392486572,0.9188529849052429,"""[tf.Tensor(0.93103445, shape=(), dtype=float32), tf.Tensor(0.8725027, shape=(), dtype=float32), tf.Tensor(0.9720971, shape=(), dtype=float32), tf.Tensor(0.9258788, shape=(), dtype=float32), tf.Tensor(0.9028985, shape=(), dtype=float32)]""",0.9208823442459106,0.9188529253005981,0.9186572432518005,5.133420927450061e-05,0.22135844826698303,0.928092360496521,0.9075655937194824,0.9918200969696045,0.9153025150299072,"""[tf.Tensor(0.9408193, shape=(), dtype=float32), tf.Tensor(0.8364888, shape=(), dtype=float32), tf.Tensor(0.96945, shape=(), dtype=float32), tf.Tensor(0.9068323, shape=(), dtype=float32), tf.Tensor(0.9261744, shape=(), dtype=float32)]""",0.9159528613090515,0.9153024554252625,0.9142556190490723,0.23405207693576813,0.920806348323822,0.9103202819824219
96,0.9929460287094116,0.9185478687286377,"""[tf.Tensor(0.9348993, shape=(), dtype=float32), tf.Tensor(0.8727534, shape=(), dtype=float32), tf.Tensor(0.9637907, shape=(), dtype=float32), tf.Tensor(0.9226189, shape=(), dtype=float32), tf.Tensor(0.9069177, shape=(), dtype=float32)]""",0.9201959371566772,0.9185478091239929,0.9184417724609375,5.133420927450061e-05,0.2253030687570572,0.9298218488693237,0.9074130654335022,0.9942802786827087,0.9209964275360107,"""[tf.Tensor(0.9355322, shape=(), dtype=float32), tf.Tensor(0.8546409, shape=(), dtype=float32), tf.Tensor(0.9733059, shape=(), dtype=float32), tf.Tensor(0.9183672, shape=(), dtype=float32), tf.Tensor(0.9277311, shape=(), dtype=float32)]""",0.9219154119491577,0.920996367931366,0.9199756383895874,0.20328834652900696,0.9283128380775452,0.9124554991722107
97,0.9942533373832703,0.9304453730583191,"""[tf.Tensor(0.9380412, shape=(), dtype=float32), tf.Tensor(0.8914784, shape=(), dtype=float32), tf.Tensor(0.97350687, shape=(), dtype=float32), tf.Tensor(0.9401274, shape=(), dtype=float32), tf.Tensor(0.91804457, shape=(), dtype=float32)]""",0.9322397112846375,0.9304453134536743,0.9302799701690674,4.876749881077558e-05,0.20260834693908691,0.9401589632034302,0.9202257394790649,0.9941039681434631,0.9209964275360107,"""[tf.Tensor(0.94835675, shape=(), dtype=float32), tf.Tensor(0.8483754, shape=(), dtype=float32), tf.Tensor(0.9730848, shape=(), dtype=float32), tf.Tensor(0.9179687, shape=(), dtype=float32), tf.Tensor(0.9196141, shape=(), dtype=float32)]""",0.9214800000190735,0.920996367931366,0.9197307229042053,0.2101653516292572,0.9313583970069885,0.917437732219696
98,0.9934331774711609,0.9257168769836426,"""[tf.Tensor(0.93507355, shape=(), dtype=float32), tf.Tensor(0.89177483, shape=(), dtype=float32), tf.Tensor(0.97212225, shape=(), dtype=float32), tf.Tensor(0.92950606, shape=(), dtype=float32), tf.Tensor(0.90902495, shape=(), dtype=float32)]""",0.9275003671646118,0.9257168173789978,0.9256338477134705,4.876749881077558e-05,0.2087852954864502,0.936097264289856,0.9161073565483093,0.9934947490692139,0.9131672382354736,"""[tf.Tensor(0.9446153, shape=(), dtype=float32), tf.Tensor(0.8233083, shape=(), dtype=float32), tf.Tensor(0.9753086, shape=(), dtype=float32), tf.Tensor(0.89174306, shape=(), dtype=float32), tf.Tensor(0.92797315, shape=(), dtype=float32)]""",0.9125896692276001,0.9131671786308289,0.9109829664230347,0.22417372465133667,0.9224637746810913,0.9060498476028442
99,0.9940661787986755,0.9238865375518799,"""[tf.Tensor(0.939404, shape=(), dtype=float32), tf.Tensor(0.88264936, shape=(), dtype=float32), tf.Tensor(0.9707601, shape=(), dtype=float32), tf.Tensor(0.92307687, shape=(), dtype=float32), tf.Tensor(0.91153, shape=(), dtype=float32)]""",0.9254840612411499,0.9238864779472351,0.9238147735595703,4.876749881077558e-05,0.20844021439552307,0.9366317987442017,0.9153447151184082,0.9934304356575012,0.9160142540931702,"""[tf.Tensor(0.94189596, shape=(), dtype=float32), tf.Tensor(0.83963954, shape=(), dtype=float32), tf.Tensor(0.9733059, shape=(), dtype=float32), tf.Tensor(0.90874517, shape=(), dtype=float32), tf.Tensor(0.9183673, shape=(), dtype=float32)]""",0.9163907766342163,0.9160141944885254,0.9145256876945496,0.21697694063186646,0.9235209226608276,0.9110320210456848
