epoch,auc_2,binary_accuracy,f1,f1_macro,f1_micro,f1_weighted,learning_rate,loss,precision_2,recall_2,val_auc_2,val_binary_accuracy,val_f1,val_f1_macro,val_f1_micro,val_f1_weighted,val_loss,val_precision_2,val_recall_2
0,0.9526801109313965,0.8752633929252625,0.8598484396934509,0.8598484396934509,0.8598484396934509,0.8598484396934509,9.999999747378752e-05,0.3371243178844452,0.9089089035987854,0.8158131241798401,0.9711297154426575,0.5304518938064575,0.0,0.0,0.0,0.0,0.7361928820610046,0.0,0.0
1,0.9862533211708069,0.9481669068336487,0.9447686672210693,0.9447686672210693,0.9447686672210693,0.9447686672210693,9.999999747378752e-05,0.23729214072227478,0.944344699382782,0.9451931715011597,0.9604524970054626,0.5304518938064575,0.0,0.0,0.0,0.0,0.8418535590171814,0.0,0.0
2,0.9864694476127625,0.9502739310264587,0.947321355342865,0.947321355342865,0.947321355342865,0.947321355342865,9.999999747378752e-05,0.2203175276517868,0.9414374232292175,0.953279435634613,0.9593212604522705,0.5304518938064575,0.0,0.0,0.0,0.0,0.9331293106079102,0.0,0.0
3,0.9885035157203674,0.9557521939277649,0.9534780383110046,0.9534780383110046,0.9534780383110046,0.9534780383110046,9.999999747378752e-05,0.2088758647441864,0.940559446811676,0.9667565226554871,0.9783899188041687,0.5304518938064575,0.0,0.0,0.0,0.0,0.7882168292999268,0.0,0.0
4,0.988197386264801,0.9599663019180298,0.9575324058532715,0.9575324058532715,0.9575324058532715,0.9575324058532715,9.499999578110874e-05,0.19990533590316772,0.9528470039367676,0.9622641801834106,0.9831706285476685,0.5834970474243164,0.20300748944282532,0.20300748944282532,0.20300748944282532,0.20300748944282532,0.6909021735191345,1.0,0.11297070980072021
5,0.9901963472366333,0.9570164084434509,0.9544234871864319,0.9544234871864319,0.9544234871864319,0.9544234871864319,9.499999578110874e-05,0.1922624558210373,0.9493333101272583,0.9595687389373779,0.978971004486084,0.5540274977684021,0.09561752527952194,0.09561752527952194,0.09561752527952194,0.09561752527952194,0.8398228883743286,1.0,0.050209205597639084
6,0.9900423288345337,0.9582806825637817,0.9557046294212341,0.9557046294212341,0.9557046294212341,0.9557046294212341,9.499999578110874e-05,0.18643906712532043,0.9518716335296631,0.9595687389373779,0.9918875098228455,0.6876227855682373,0.5015673637390137,0.5015673637390137,0.5015673637390137,0.5015673637390137,0.4954599440097809,1.0,0.33472803235054016
7,0.9904772043228149,0.9633375406265259,0.9614189863204956,0.9614189863204956,0.9614189863204956,0.9614189863204956,9.499999578110874e-05,0.1788444221019745,0.9492118954658508,0.9739443063735962,0.9952890276908875,0.8349705338478088,0.7878787517547607,0.7878787517547607,0.7878787517547607,0.7878787517547607,0.32293209433555603,0.993630588054657,0.6527196764945984
8,0.9924556612968445,0.96628737449646,0.964221715927124,0.964221715927124,0.964221715927124,0.964221715927124,9.499999578110874e-05,0.16772134602069855,0.9599287509918213,0.9685534834861755,0.9979544281959534,0.9626718759536743,0.9591397643089294,0.9591397643089294,0.9591397643089294,0.9591397643089294,0.19339631497859955,0.9867256879806519,0.9330543875694275
9,0.9910627007484436,0.9595448970794678,0.9572573304176331,0.9572573304176331,0.9572573304176331,0.9572573304176331,9.499999578110874e-05,0.17063990235328674,0.948808491230011,0.9658580422401428,0.9970788955688477,0.9390962719917297,0.9312637448310852,0.9312637448310852,0.9312637448310852,0.9312637448310852,0.2241685837507248,0.9905660152435303,0.8786610960960388
10,0.9922738671302795,0.9646017551422119,0.962432861328125,0.962432861328125,0.962432861328125,0.962432861328125,9.499999578110874e-05,0.1593955159187317,0.9581478238105774,0.9667565226554871,0.9984503984451294,0.9724950790405273,0.9713113903999329,0.9713113903999329,0.9713113903999329,0.9713113903999329,0.14807529747486115,0.9518072009086609,0.991631805896759
11,0.9918709397315979,0.9570164084434509,0.9543827176094055,0.9543827176094055,0.9543827176094055,0.9543827176094055,9.499999578110874e-05,0.16270165145397186,0.9501335620880127,0.9586702585220337,0.9982179403305054,0.974459707736969,0.973305881023407,0.973305881023407,0.973305881023407,0.973305881023407,0.16615043580532074,0.9556451439857483,0.991631805896759
12,0.9936286807060242,0.9696586728096008,0.9677996039390564,0.9677996039390564,0.9677996039390564,0.9677996039390564,9.499999578110874e-05,0.14662326872348785,0.9634906649589539,0.9721473455429077,0.9985200762748718,0.9823182821273804,0.9811320304870605,0.9811320304870605,0.9811320304870605,0.9811320304870605,0.16576501727104187,0.9831932783126831,0.9790794849395752
13,0.9926460385322571,0.96628737449646,0.9640287160873413,0.9640287160873413,0.9640287160873413,0.9640287160873413,9.499999578110874e-05,0.1488146036863327,0.9648965001106262,0.9631626009941101,0.9982489347457886,0.9803536534309387,0.9789915084838867,0.9789915084838867,0.9789915084838867,0.9789915084838867,0.1163579598069191,0.9831223487854004,0.9748954176902771
14,0.9939916729927063,0.966708779335022,0.9644942879676819,0.9644942879676819,0.9644942879676819,0.9644942879676819,9.499999578110874e-05,0.14182546734809875,0.9649280309677124,0.9640610814094543,0.9988610148429871,0.9783890247344971,0.9773194789886475,0.9773194789886475,0.9773194789886475,0.9773194789886475,0.10988741368055344,0.9634146094322205,0.991631805896759
15,0.994134247303009,0.9633375406265259,0.9610738158226013,0.9610738158226013,0.9610738158226013,0.9610738158226013,9.499999578110874e-05,0.13746632635593414,0.9572192430496216,0.9649595618247986,0.9987602233886719,0.990176796913147,0.9895177483558655,0.9895177483558655,0.9895177483558655,0.9895177483558655,0.1459369659423828,0.9915966391563416,0.9874476790428162
16,0.993961751461029,0.966708779335022,0.9647478461265564,0.9647478461265564,0.9647478461265564,0.9647478461265564,9.499999578110874e-05,0.1350177824497223,0.9583333134651184,0.9712488651275635,0.9982024431228638,0.9607072472572327,0.9596773386001587,0.9596773386001587,0.9596773386001587,0.9596773386001587,0.134818896651268,0.9260700345039368,0.9958158731460571
17,0.9946174025535583,0.9624947309494019,0.9599639177322388,0.9599639177322388,0.9599639177322388,0.9599639177322388,9.499999578110874e-05,0.13488633930683136,0.9612612724304199,0.9586702585220337,0.9988377690315247,0.9803536534309387,0.9792530536651611,0.9792530536651611,0.9792530536651611,0.9792530536651611,0.10975873470306396,0.9711934328079224,0.9874476790428162
18,0.9943817257881165,0.965865969657898,0.9637907147407532,0.9637907147407532,0.9637907147407532,0.9637907147407532,9.499999578110874e-05,0.12790653109550476,0.9590747356414795,0.9685534834861755,0.9991399645805359,0.9882121682167053,0.9874476194381714,0.9874476194381714,0.9874476194381714,0.9874476194381714,0.1058211475610733,0.9874476790428162,0.9874476790428162
19,0.9959015846252441,0.9692372679710388,0.9672498106956482,0.9672498106956482,0.9672498106956482,0.9672498106956482,9.499999578110874e-05,0.11832741647958755,0.9659498333930969,0.9685534834861755,0.9991166591644287,0.9823182821273804,0.9812888503074646,0.9812888503074646,0.9812888503074646,0.9812888503074646,0.11539439857006073,0.9752066135406494,0.9874476790428162
20,0.9953303933143616,0.9705014824867249,0.9686097502708435,0.9686097502708435,0.9686097502708435,0.9686097502708435,9.499999578110874e-05,0.11733879148960114,0.9668755531311035,0.9703503847122192,0.9992251992225647,0.9862475395202637,0.9852630496025085,0.9852630496025085,0.9852630496025085,0.9852630496025085,0.10583041608333588,0.991525411605835,0.9790794849395752
21,0.993859052658081,0.974294126033783,0.9725841879844666,0.9725841879844666,0.9725841879844666,0.9725841879844666,9.499999578110874e-05,0.11869147419929504,0.9730215668678284,0.9721473455429077,0.9985665082931519,0.9626718759536743,0.9617705941200256,0.9617705941200256,0.9617705941200256,0.9617705941200256,0.1069975346326828,0.9263566136360168,1.0
22,0.9945289492607117,0.9713442921638489,0.9695339202880859,0.9695339202880859,0.9695339202880859,0.9695339202880859,9.02499959920533e-05,0.11907624453306198,0.9669347405433655,0.9721473455429077,0.9987369775772095,0.974459707736969,0.9734150767326355,0.9734150767326355,0.9734150767326355,0.9734150767326355,0.09752806276082993,0.9520000219345093,0.9958158731460571
23,0.9944736957550049,0.9717656970024109,0.9698333740234375,0.9698333740234375,0.9698333740234375,0.9698333740234375,9.02499959920533e-05,0.1135379821062088,0.9720216393470764,0.9676550030708313,0.9980473518371582,0.9076620936393738,0.8909512162208557,0.8909512162208557,0.8909512162208557,0.8909512162208557,0.22531235218048096,1.0,0.8033472895622253
24,0.9953725337982178,0.973872721195221,0.9720720052719116,0.9720720052719116,0.9720720052719116,0.9720720052719116,9.02499959920533e-05,0.10998937487602234,0.9747064113616943,0.969451904296875,0.9991554021835327,0.9724950790405273,0.9715446829795837,0.9715446829795837,0.9715446829795837,0.9715446829795837,0.10331075638532639,0.9446640610694885,1.0
25,0.9957982301712036,0.974294126033783,0.9724852442741394,0.9724852442741394,0.9724852442741394,0.9724852442741394,9.02499959920533e-05,0.11000780761241913,0.9764492511749268,0.9685534834861755,0.9989927411079407,0.9823182821273804,0.9813663959503174,0.9813663959503174,0.9813663959503174,0.9813663959503174,0.07577113807201385,0.9713114500045776,0.991631805896759
26,0.9953043460845947,0.974715530872345,0.97299724817276,0.97299724817276,0.97299724817276,0.97299724817276,9.02499959920533e-05,0.10721193253993988,0.9747520089149475,0.9712488651275635,0.9990081787109375,0.9724950790405273,0.9714285135269165,0.9714285135269165,0.9714285135269165,0.9714285135269165,0.09660489857196808,0.9482071995735168,0.9958158731460571
27,0.9943524599075317,0.9692372679710388,0.9671318531036377,0.9671318531036377,0.9671318531036377,0.9671318531036377,9.02499959920533e-05,0.10987287759780884,0.9693140983581543,0.9649595618247986,0.9992484450340271,0.9803536534309387,0.9793387651443481,0.9793387651443481,0.9793387651443481,0.9793387651443481,0.08244515210390091,0.9673469662666321,0.991631805896759
28,0.9965152144432068,0.974715530872345,0.9729485511779785,0.9729485511779785,0.9729485511779785,0.9729485511779785,9.02499959920533e-05,0.09924182295799255,0.9764705896377563,0.969451904296875,0.9992871880531311,0.990176796913147,0.9895177483558655,0.9895177483558655,0.9895177483558655,0.9895177483558655,0.09646691381931305,0.9915966391563416,0.9874476790428162
29,0.9947211742401123,0.9705014824867249,0.9686097502708435,0.9686097502708435,0.9686097502708435,0.9686097502708435,8.573749801144004e-05,0.11099053919315338,0.9668755531311035,0.9703503847122192,0.9994189143180847,0.9803536534309387,0.9794238209724426,0.9794238209724426,0.9794238209724426,0.9794238209724426,0.07123100757598877,0.9635627269744873,0.9958158731460571
30,0.9962798953056335,0.974294126033783,0.9727312922477722,0.9727312922477722,0.9727312922477722,0.9727312922477722,8.573749801144004e-05,0.10053608566522598,0.9679715037345886,0.9775381684303284,0.9995040893554688,0.9823182821273804,0.9814432263374329,0.9814432263374329,0.9814432263374329,0.9814432263374329,0.07755252718925476,0.9674796462059021,0.9958158731460571
31,0.994393527507782,0.9734513163566589,0.9717361927032471,0.9717361927032471,0.9717361927032471,0.9717361927032471,8.573749801144004e-05,0.10514294356107712,0.9704301357269287,0.973045825958252,0.9994499683380127,0.9862475395202637,0.9853861331939697,0.9853861331939697,0.9853861331939697,0.9853861331939697,0.07908977568149567,0.9833333492279053,0.9874476790428162
32,0.9964107275009155,0.973872721195221,0.9720720052719116,0.9720720052719116,0.9720720052719116,0.9720720052719116,8.573749801144004e-05,0.09746208041906357,0.9747064113616943,0.969451904296875,0.9992175102233887,0.9803536534309387,0.9794238209724426,0.9794238209724426,0.9794238209724426,0.9794238209724426,0.08319490402936935,0.9635627269744873,0.9958158731460571
33,0.9954723715782166,0.974294126033783,0.9725100994110107,0.9725100994110107,0.9725100994110107,0.9725100994110107,8.145062020048499e-05,0.09944421052932739,0.9755877256393433,0.969451904296875,0.9992793798446655,0.9803536534309387,0.9787233471870422,0.9787233471870422,0.9787233471870422,0.9787233471870422,0.08679544180631638,0.9956709742546082,0.9623430967330933
34,0.9964473843574524,0.9797724485397339,0.9785330295562744,0.9785330295562744,0.9785330295562744,0.9785330295562744,8.145062020048499e-05,0.09206470847129822,0.974176287651062,0.982928991317749,0.9994343519210815,0.9823182821273804,0.9814432263374329,0.9814432263374329,0.9814432263374329,0.9814432263374329,0.07220421731472015,0.9674796462059021,0.9958158731460571
35,0.9968279004096985,0.975558340549469,0.9739909768104553,0.9739909768104553,0.9739909768104553,0.9739909768104553,8.145062020048499e-05,0.09058387577533722,0.9722470641136169,0.9757412672042847,0.9994189143180847,0.984282910823822,0.9835390448570251,0.9835390448570251,0.9835390448570251,0.9835390448570251,0.06981202960014343,0.9676113128662109,1.0
36,0.9966524243354797,0.9730299115180969,0.9710144400596619,0.9710144400596619,0.9710144400596619,0.9710144400596619,8.145062020048499e-05,0.09403179585933685,0.9789954423904419,0.9631626009941101,0.999535083770752,0.9882121682167053,0.987551748752594,0.987551748752594,0.987551748752594,0.987551748752594,0.0619061253964901,0.9794238805770874,0.9958158731460571
37,0.9971067309379578,0.975979745388031,0.9744279980659485,0.9744279980659485,0.9744279980659485,0.9744279980659485,8.145062020048499e-05,0.08792674541473389,0.9731183052062988,0.9757412672042847,0.9994964003562927,0.990176796913147,0.9896049499511719,0.9896049499511719,0.9896049499511719,0.9896049499511719,0.06571857631206512,0.9834710955619812,0.9958158731460571
38,0.9977177381515503,0.9797724485397339,0.9784365892410278,0.9784365892410278,0.9784365892410278,0.9784365892410278,8.145062020048499e-05,0.08074627816677094,0.9784366488456726,0.9784366488456726,0.9994807839393616,0.984282910823822,0.9835390448570251,0.9835390448570251,0.9835390448570251,0.9835390448570251,0.06985415518283844,0.9676113128662109,1.0
39,0.9958296418190002,0.9730299115180969,0.9710668325424194,0.9710668325424194,0.9710668325424194,0.9710668325424194,8.145062020048499e-05,0.09257539361715317,0.9772520661354065,0.9649595618247986,0.9994421005249023,0.9803536534309387,0.9791666269302368,0.9791666269302368,0.9791666269302368,0.9791666269302368,0.06290043145418167,0.9751037359237671,0.9832636117935181
40,0.9975069761276245,0.975558340549469,0.9738737344741821,0.9738737344741821,0.9738737344741821,0.9738737344741821,7.737809210084379e-05,0.08387502282857895,0.9765130877494812,0.9712488651275635,0.9993802309036255,0.9823182821273804,0.9815194606781006,0.9815194606781006,0.9815194606781006,0.9815194606781006,0.06096406653523445,0.9637096524238586,1.0
41,0.9974521398544312,0.9806152582168579,0.9793721437454224,0.9793721437454224,0.9793721437454224,0.9793721437454224,7.737809210084379e-05,0.07934866100549698,0.9776186347007751,0.9811320900917053,0.9993104338645935,0.984282910823822,0.9834024906158447,0.9834024906158447,0.9834024906158447,0.9834024906158447,0.06424965709447861,0.9753086566925049,0.991631805896759
42,0.9963244199752808,0.9806152582168579,0.9793350100517273,0.9793350100517273,0.9793350100517273,0.9793350100517273,7.737809210084379e-05,0.08201351761817932,0.9793351292610168,0.9793351292610168,0.9993646144866943,0.9862475395202637,0.9855669736862183,0.9855669736862183,0.9855669736862183,0.9855669736862183,0.06289985775947571,0.9715447425842285,1.0
43,0.996278703212738,0.9726085066795349,0.9708388447761536,0.9708388447761536,0.9708388447761536,0.9708388447761536,7.737809210084379e-05,0.08920767903327942,0.9695340394973755,0.9721473455429077,0.9993259310722351,0.9666011929512024,0.9656565189361572,0.9656565189361572,0.9656565189361572,0.9656565189361572,0.10286138951778412,0.93359375,1.0
44,0.9972785115242004,0.9780868291854858,0.9766396284103394,0.9766396284103394,0.9766396284103394,0.9766396284103394,7.350918895099312e-05,0.07911648601293564,0.9766396880149841,0.9766396880149841,0.9993801712989807,0.9862475395202637,0.9855669736862183,0.9855669736862183,0.9855669736862183,0.9855669736862183,0.0603293776512146,0.9715447425842285,1.0
45,0.9973263144493103,0.9776654243469238,0.9761368632316589,0.9761368632316589,0.9761368632316589,0.9761368632316589,7.350918895099312e-05,0.08213721960783005,0.9783393740653992,0.9739443063735962,0.9990159273147583,0.968565821647644,0.9676112532615662,0.9676112532615662,0.9676112532615662,0.9676112532615662,0.09387907385826111,0.9372549057006836,1.0
46,0.9967923164367676,0.9789296388626099,0.9774977564811707,0.9774977564811707,0.9774977564811707,0.9774977564811707,7.350918895099312e-05,0.08081106096506119,0.9792606234550476,0.9757412672042847,0.9994809627532959,0.9724950790405273,0.9715446829795837,0.9715446829795837,0.9715446829795837,0.9715446829795837,0.089950330555439,0.9446640610694885,1.0
47,0.9974408745765686,0.983565092086792,0.9824876189231873,0.9824876189231873,0.9824876189231873,0.9824876189231873,7.350918895099312e-05,0.07814431935548782,0.9820466637611389,0.982928991317749,0.9996358752250671,0.9862475395202637,0.9855669736862183,0.9855669736862183,0.9855669736862183,0.9855669736862183,0.05648539960384369,0.9715447425842285,1.0
48,0.9978854060173035,0.981879472732544,0.9806392788887024,0.9806392788887024,0.9806392788887024,0.9806392788887024,7.350918895099312e-05,0.07445104420185089,0.9828519821166992,0.9784366488456726,0.9994189143180847,0.9862475395202637,0.9855071902275085,0.9855071902275085,0.9855071902275085,0.9855071902275085,0.0597073957324028,0.9754098653793335,0.9958158731460571
49,0.996711254119873,0.9789296388626099,0.9775984883308411,0.9775984883308411,0.9775984883308411,0.9775984883308411,7.350918895099312e-05,0.07906050235033035,0.9749776721000671,0.9802336096763611,0.9993489980697632,0.9823182821273804,0.9815194606781006,0.9815194606781006,0.9815194606781006,0.9815194606781006,0.06203247979283333,0.9637096524238586,1.0
50,0.9982715249061584,0.984407901763916,0.9833107590675354,0.9833107590675354,0.9833107590675354,0.9833107590675354,7.350918895099312e-05,0.06952288746833801,0.9873188138008118,0.9793351292610168,0.999535083770752,0.9882121682167053,0.9876032471656799,0.9876032471656799,0.9876032471656799,0.9876032471656799,0.05558759719133377,0.9755101799964905,1.0
51,0.9978233575820923,0.9780868291854858,0.9765976071357727,0.9765976071357727,0.9765976071357727,0.9765976071357727,7.350918895099312e-05,0.07406847923994064,0.9783588647842407,0.9748427867889404,0.9992483854293823,0.9803536534309387,0.979508101940155,0.979508101940155,0.979508101940155,0.979508101940155,0.06872349232435226,0.9598393440246582,1.0
52,0.9964959025382996,0.974715530872345,0.97299724817276,0.97299724817276,0.97299724817276,0.97299724817276,7.350918895099312e-05,0.08421789854764938,0.9747520089149475,0.9712488651275635,0.9993336796760559,0.984282910823822,0.9835390448570251,0.9835390448570251,0.9835390448570251,0.9835390448570251,0.056695789098739624,0.9676113128662109,1.0
53,0.9982786774635315,0.982300877571106,0.9811320304870605,0.9811320304870605,0.9811320304870605,0.9811320304870605,7.350918895099312e-05,0.06962000578641891,0.9811320900917053,0.9811320900917053,0.9995428919792175,0.9921414256095886,0.9917011857032776,0.9917011857032776,0.9917011857032776,0.9917011857032776,0.05269397050142288,0.9835391044616699,1.0
54,0.9974122643470764,0.9772440195083618,0.9756755828857422,0.9756755828857422,0.9756755828857422,0.9756755828857422,7.350918895099312e-05,0.07746382057666779,0.9783197641372681,0.973045825958252,0.9996746182441711,0.9862475395202637,0.9855669736862183,0.9855669736862183,0.9855669736862183,0.9855669736862183,0.05310303717851639,0.9715447425842285,1.0
55,0.9971787333488464,0.9806152582168579,0.9793721437454224,0.9793721437454224,0.9793721437454224,0.9793721437454224,7.350918895099312e-05,0.07158973813056946,0.9776186347007751,0.9811320900917053,0.9996979236602783,0.990176796913147,0.9896049499511719,0.9896049499511719,0.9896049499511719,0.9896049499511719,0.05037355422973633,0.9834710955619812,0.9958158731460571
56,0.9972173571586609,0.9776654243469238,0.9761152863502502,0.9761152863502502,0.9761152863502502,0.9761152863502502,7.350918895099312e-05,0.07576382160186768,0.9792043566703796,0.973045825958252,0.9995661377906799,0.990176796913147,0.9896480441093445,0.9896480441093445,0.9896480441093445,0.9896480441093445,0.04625025391578674,0.9795082211494446,1.0
57,0.9979727268218994,0.9810366630554199,0.97979336977005,0.97979336977005,0.97979336977005,0.97979336977005,7.350918895099312e-05,0.07089560478925705,0.979353666305542,0.9802336096763611,0.9993103742599487,0.9783890247344971,0.9775050282478333,0.9775050282478333,0.9775050282478333,0.9775050282478333,0.06717529147863388,0.9559999704360962,1.0
58,0.9978250861167908,0.981879472732544,0.9806567430496216,0.9806567430496216,0.9806567430496216,0.9806567430496216,7.350918895099312e-05,0.06966331601142883,0.9819819927215576,0.9793351292610168,0.9996745586395264,0.9862475395202637,0.9855669736862183,0.9855669736862183,0.9855669736862183,0.9855669736862183,0.05147818103432655,0.9715447425842285,1.0
59,0.996913731098175,0.9776654243469238,0.9762223958969116,0.9762223958969116,0.9762223958969116,0.9762223958969116,7.350918895099312e-05,0.08002904802560806,0.9749103784561157,0.9775381684303284,0.9996901154518127,0.9803536534309387,0.979508101940155,0.979508101940155,0.979508101940155,0.979508101940155,0.06156948208808899,0.9598393440246582,1.0
60,0.998084306716919,0.9814580678939819,0.9802157282829285,0.9802157282829285,0.9802157282829285,0.9802157282829285,6.983373168623075e-05,0.06805479526519775,0.9810981154441833,0.9793351292610168,0.9994266629219055,0.984282910823822,0.9835390448570251,0.9835390448570251,0.9835390448570251,0.9835390448570251,0.05895300582051277,0.9676113128662109,1.0
61,0.9976290464401245,0.98314368724823,0.9820626974105835,0.9820626974105835,0.9820626974105835,0.9820626974105835,6.983373168623075e-05,0.06651187688112259,0.9803043603897095,0.9838274717330933,0.9994576573371887,0.984282910823822,0.9835390448570251,0.9835390448570251,0.9835390448570251,0.9835390448570251,0.05137844756245613,0.9676113128662109,1.0
62,0.9976179003715515,0.984407901763916,0.983415424823761,0.983415424823761,0.983415424823761,0.983415424823761,6.983373168623075e-05,0.06520184129476547,0.9812164306640625,0.9856244325637817,0.999573826789856,0.9882121682167053,0.987551748752594,0.987551748752594,0.987551748752594,0.987551748752594,0.046791478991508484,0.9794238805770874,0.9958158731460571
63,0.9966407418251038,0.976401150226593,0.9747520089149475,0.9747520089149475,0.9747520089149475,0.9747520089149475,6.634204328292981e-05,0.07409322261810303,0.9782805442810059,0.9712488651275635,0.9997211694717407,0.9882121682167053,0.9876032471656799,0.9876032471656799,0.9876032471656799,0.9876032471656799,0.04728936776518822,0.9755101799964905,1.0
64,0.9977620840072632,0.9801938533782959,0.9788573384284973,0.9788573384284973,0.9788573384284973,0.9788573384284973,6.634204328292981e-05,0.06709831207990646,0.9801802039146423,0.9775381684303284,0.9995970726013184,0.9783890247344971,0.9775050282478333,0.9775050282478333,0.9775050282478333,0.9775050282478333,0.0602785088121891,0.9559999704360962,1.0
65,0.9982177019119263,0.9873577952384949,0.9865710139274597,0.9865710139274597,0.9865710139274597,0.9865710139274597,6.634204328292981e-05,0.05797193944454193,0.9830508232116699,0.9901167750358582,0.9997520446777344,0.9862475395202637,0.9855669736862183,0.9855669736862183,0.9855669736862183,0.9855669736862183,0.04248199611902237,0.9715447425842285,1.0
66,0.9981417655944824,0.98314368724823,0.9819818735122681,0.9819818735122681,0.9819818735122681,0.9819818735122681,6.634204328292981e-05,0.06603997945785522,0.9846431612968445,0.9793351292610168,0.999728798866272,0.9882121682167053,0.9876032471656799,0.9876032471656799,0.9876032471656799,0.9876032471656799,0.04619554802775383,0.9755101799964905,1.0
67,0.9976479411125183,0.9797724485397339,0.978397786617279,0.978397786617279,0.978397786617279,0.978397786617279,6.634204328292981e-05,0.06741047650575638,0.9801623225212097,0.9766396880149841,0.9998295307159424,0.9803536534309387,0.979508101940155,0.979508101940155,0.979508101940155,0.979508101940155,0.054912079125642776,0.9598393440246582,1.0
68,0.998230516910553,0.9789296388626099,0.9775381088256836,0.9775381088256836,0.9775381088256836,0.9775381088256836,6.634204328292981e-05,0.06565100699663162,0.9775381684303284,0.9775381684303284,0.9997985363006592,0.9783890247344971,0.9775050282478333,0.9775050282478333,0.9775050282478333,0.9775050282478333,0.050379786640405655,0.9559999704360962,1.0
69,0.9972375631332397,0.9797724485397339,0.978397786617279,0.978397786617279,0.978397786617279,0.978397786617279,6.30249414825812e-05,0.0658736526966095,0.9801623225212097,0.9766396880149841,0.9997830390930176,0.9882121682167053,0.9873949289321899,0.9873949289321899,0.9873949289321899,0.9873949289321899,0.04920552298426628,0.9915611743927002,0.9832636117935181
70,0.9980515241622925,0.9793510437011719,0.9779179692268372,0.9779179692268372,0.9779179692268372,0.9779179692268372,6.30249414825812e-05,0.06785130500793457,0.9810126423835754,0.9748427867889404,0.999845027923584,0.9921414256095886,0.9917011857032776,0.9917011857032776,0.9917011857032776,0.9917011857032776,0.046681959182024,0.9835391044616699,1.0
71,0.9982789158821106,0.984829306602478,0.9837983250617981,0.9837983250617981,0.9837983250617981,0.9837983250617981,6.30249414825812e-05,0.05885431170463562,0.9855725765228271,0.9820305705070496,0.9995894432067871,0.984282910823822,0.9835390448570251,0.9835390448570251,0.9835390448570251,0.9835390448570251,0.053724680095911026,0.9676113128662109,1.0
72,0.9974457621574402,0.984407901763916,0.9833557605743408,0.9833557605743408,0.9833557605743408,0.9833557605743408,5.98736951360479e-05,0.06516547501087189,0.9846847057342529,0.9820305705070496,0.9996823668479919,0.9882121682167053,0.9876032471656799,0.9876032471656799,0.9876032471656799,0.9876032471656799,0.04540468752384186,0.9755101799964905,1.0
73,0.9991938471794128,0.984829306602478,0.983899712562561,0.983899712562561,0.983899712562561,0.983899712562561,5.98736951360479e-05,0.05490864813327789,0.9795191287994385,0.9883198738098145,0.9996281266212463,0.984282910823822,0.9835390448570251,0.9835390448570251,0.9835390448570251,0.9835390448570251,0.051838234066963196,0.9676113128662109,1.0
74,0.9981189966201782,0.9814580678939819,0.9802513122558594,0.9802513122558594,0.9802513122558594,0.9802513122558594,5.98736951360479e-05,0.06459052115678787,0.9793722033500671,0.9811320900917053,0.9997133016586304,0.9823182821273804,0.9815194606781006,0.9815194606781006,0.9815194606781006,0.9815194606781006,0.05754615738987923,0.9637096524238586,1.0
75,0.9980109333992004,0.9801938533782959,0.9788953065872192,0.9788953065872192,0.9788953065872192,0.9788953065872192,5.688000965164974e-05,0.06278527528047562,0.9784560203552246,0.9793351292610168,0.9996745586395264,0.9803536534309387,0.979508101940155,0.979508101940155,0.979508101940155,0.979508101940155,0.060672350227832794,0.9598393440246582,1.0
76,0.9990027546882629,0.9882006049156189,0.9873986840248108,0.9873986840248108,0.9873986840248108,0.9873986840248108,5.688000965164974e-05,0.05347466096282005,0.9891794323921204,0.9856244325637817,0.9996978640556335,0.984282910823822,0.9835390448570251,0.9835390448570251,0.9835390448570251,0.9835390448570251,0.04251131787896156,0.9676113128662109,1.0
77,0.9990102052688599,0.983986496925354,0.9829595685005188,0.9829595685005188,0.9829595685005188,0.9829595685005188,5.688000965164974e-05,0.05380934104323387,0.9811996221542358,0.9847259521484375,0.9997442364692688,0.9823182821273804,0.9815194606781006,0.9815194606781006,0.9815194606781006,0.9815194606781006,0.04692734777927399,0.9637096524238586,1.0
78,0.9971508979797363,0.982300877571106,0.9811827540397644,0.9811827540397644,0.9811827540397644,0.9811827540397644,5.4036008805269375e-05,0.06346378475427628,0.9785522818565369,0.9838274717330933,0.9998062252998352,0.9764243364334106,0.9755101203918457,0.9755101203918457,0.9755101203918457,0.9755101203918457,0.06397247314453125,0.9521912336349487,1.0
79,0.9974482655525208,0.9806152582168579,0.9793536067008972,0.9793536067008972,0.9793536067008972,0.9793536067008972,5.4036008805269375e-05,0.0643567144870758,0.9784753322601318,0.9802336096763611,0.9997054934501648,0.9823182821273804,0.9815194606781006,0.9815194606781006,0.9815194606781006,0.9815194606781006,0.05249464139342308,0.9637096524238586,1.0
80,0.9978411793708801,0.983986496925354,0.9829289317131042,0.9829289317131042,0.9829289317131042,0.9829289317131042,5.4036008805269375e-05,0.060448527336120605,0.982928991317749,0.982928991317749,0.9996901154518127,0.990176796913147,0.9896049499511719,0.9896049499511719,0.9896049499511719,0.9896049499511719,0.04109247773885727,0.9834710955619812,0.9958158731460571
81,0.9984080791473389,0.98525071144104,0.9842978119850159,0.9842978119850159,0.9842978119850159,0.9842978119850159,5.4036008805269375e-05,0.05849538743495941,0.9829748868942261,0.9856244325637817,0.9997599124908447,0.9862475395202637,0.9855669736862183,0.9855669736862183,0.9855669736862183,0.9855669736862183,0.04740027338266373,0.9715447425842285,1.0
82,0.9989004731178284,0.984407901763916,0.9834599494934082,0.9834599494934082,0.9834599494934082,0.9834599494934082,5.4036008805269375e-05,0.05589597299695015,0.9786477088928223,0.9883198738098145,0.9997597932815552,0.9921414256095886,0.9917011857032776,0.9917011857032776,0.9917011857032776,0.9917011857032776,0.040853723883628845,0.9835391044616699,1.0
83,0.9985275864601135,0.984829306602478,0.9838274121284485,0.9838274121284485,0.9838274121284485,0.9838274121284485,5.4036008805269375e-05,0.056445520371198654,0.9838274717330933,0.9838274717330933,0.9997829794883728,0.990176796913147,0.9896480441093445,0.9896480441093445,0.9896480441093445,0.9896480441093445,0.036698147654533386,0.9795082211494446,1.0
84,0.9990262985229492,0.983565092086792,0.9825190305709839,0.9825190305709839,0.9825190305709839,0.9825190305709839,5.4036008805269375e-05,0.051409367471933365,0.980322003364563,0.9847259521484375,0.9997985363006592,0.9882121682167053,0.9876032471656799,0.9876032471656799,0.9876032471656799,0.9876032471656799,0.042271699756383896,0.9755101799964905,1.0
85,0.9979856014251709,0.98314368724823,0.9820143580436707,0.9820143580436707,0.9820143580436707,0.9820143580436707,5.4036008805269375e-05,0.060694240033626556,0.9828982949256897,0.9811320900917053,0.999736487865448,0.9823182821273804,0.9815194606781006,0.9815194606781006,0.9815194606781006,0.9815194606781006,0.04508401080965996,0.9637096524238586,1.0
86,0.9987385869026184,0.983565092086792,0.9824085831642151,0.9824085831642151,0.9824085831642151,0.9824085831642151,5.4036008805269375e-05,0.056159090250730515,0.9864130616188049,0.9784366488456726,0.9998063445091248,0.984282910823822,0.9835390448570251,0.9835390448570251,0.9835390448570251,0.9835390448570251,0.046416714787483215,0.9676113128662109,1.0
87,0.9992060661315918,0.9865149855613708,0.9856372475624084,0.9856372475624084,0.9856372475624084,0.9856372475624084,5.133420927450061e-05,0.04663920775055885,0.9847533702850342,0.986522912979126,0.9997831583023071,0.990176796913147,0.9896480441093445,0.9896480441093445,0.9896480441093445,0.9896480441093445,0.04004516825079918,0.9795082211494446,1.0
88,0.998299777507782,0.9806152582168579,0.9794090390205383,0.9794090390205383,0.9794090390205383,0.9794090390205383,5.133420927450061e-05,0.05733826756477356,0.9759143590927124,0.982928991317749,0.9998141527175903,0.990176796913147,0.9896480441093445,0.9896480441093445,0.9896480441093445,0.9896480441093445,0.039143484085798264,0.9795082211494446,1.0
89,0.9986883401870728,0.9898862242698669,0.9892085790634155,0.9892085790634155,0.9892085790634155,0.9892085790634155,5.133420927450061e-05,0.05328311398625374,0.9900990128517151,0.9883198738098145,0.999728798866272,0.9862475395202637,0.9855669736862183,0.9855669736862183,0.9855669736862183,0.9855669736862183,0.04127807542681694,0.9715447425842285,1.0
90,0.9980928897857666,0.9860935807228088,0.9851951003074646,0.9851951003074646,0.9851951003074646,0.9851951003074646,4.876749881077558e-05,0.0525263287127018,0.9838709831237793,0.986522912979126,0.9994730949401855,0.974459707736969,0.9735233783721924,0.9735233783721924,0.9735233783721924,0.9735233783721924,0.07213640213012695,0.9484127163887024,1.0
91,0.9985513687133789,0.984829306602478,0.9838854074478149,0.9838854074478149,0.9838854074478149,0.9838854074478149,4.876749881077558e-05,0.05482253432273865,0.9803746938705444,0.9874213933944702,0.9996745586395264,0.9783890247344971,0.9775050282478333,0.9775050282478333,0.9775050282478333,0.9775050282478333,0.06016254052519798,0.9559999704360962,1.0
92,0.9992541670799255,0.984407901763916,0.9834451079368591,0.9834451079368591,0.9834451079368591,0.9834451079368591,4.876749881077558e-05,0.04972725734114647,0.9795008897781372,0.9874213933944702,0.9997597336769104,0.9803536534309387,0.979508101940155,0.979508101940155,0.979508101940155,0.979508101940155,0.049589358270168304,0.9598393440246582,1.0
93,0.999261736869812,0.9873577952384949,0.9865590929985046,0.9865590929985046,0.9865590929985046,0.9865590929985046,4.632912532542832e-05,0.04825056344270706,0.9839141964912415,0.9892183542251587,0.9997443556785583,0.9803536534309387,0.979508101940155,0.979508101940155,0.979508101940155,0.979508101940155,0.051597967743873596,0.9598393440246582,1.0
94,0.9992541074752808,0.9886220097541809,0.9878541827201843,0.9878541827201843,0.9878541827201843,0.9878541827201843,4.632912532542832e-05,0.049828264862298965,0.9891892075538635,0.986522912979126,0.9998295903205872,0.984282910823822,0.9835390448570251,0.9835390448570251,0.9835390448570251,0.9835390448570251,0.03897355496883392,0.9676113128662109,1.0
95,0.9993389844894409,0.9873577952384949,0.9865710139274597,0.9865710139274597,0.9865710139274597,0.9865710139274597,4.632912532542832e-05,0.04580488055944443,0.9830508232116699,0.9901167750358582,0.99985271692276,0.9882121682167053,0.9876032471656799,0.9876032471656799,0.9876032471656799,0.9876032471656799,0.04029048606753349,0.9755101799964905,1.0
96,0.9990441203117371,0.983565092086792,0.982534646987915,0.982534646987915,0.982534646987915,0.982534646987915,4.401266778586432e-05,0.05169038474559784,0.9794642925262451,0.9856244325637817,0.99980628490448,0.9882121682167053,0.9876032471656799,0.9876032471656799,0.9876032471656799,0.9876032471656799,0.037174709141254425,0.9755101799964905,1.0
97,0.9991579055786133,0.9860935807228088,0.9851551055908203,0.9851551055908203,0.9851551055908203,0.9851551055908203,4.401266778586432e-05,0.04988289251923561,0.9864864945411682,0.9838274717330933,0.9997830986976624,0.9882121682167053,0.9876032471656799,0.9876032471656799,0.9876032471656799,0.9876032471656799,0.037192441523075104,0.9755101799964905,1.0
98,0.9988704919815063,0.984407901763916,0.9833856821060181,0.9833856821060181,0.9833856821060181,0.9833856821060181,4.401266778586432e-05,0.05215417221188545,0.9829443693161011,0.9838274717330933,0.9998527765274048,0.9823182821273804,0.9815194606781006,0.9815194606781006,0.9815194606781006,0.9815194606781006,0.045592281967401505,0.9637096524238586,1.0
99,0.9988989233970642,0.9865149855613708,0.985624372959137,0.985624372959137,0.985624372959137,0.985624372959137,4.1812032577581704e-05,0.04865265265107155,0.9856244325637817,0.9856244325637817,0.9998992085456848,0.9862475395202637,0.9855669736862183,0.9855669736862183,0.9855669736862183,0.9855669736862183,0.0401272252202034,0.9715447425842285,1.0
